0
SECTION
2
HEADER
9
$INSUNITS
70
4
0
ENDSEC
0
SECTION
2
TABLES
0
TABLE
2
LTYPE
70
3
0
LTYPE
2
CONTINUOUS
70
0
3
Solid
72
65
73
0
40
-0
0
LTYPE
2
HIDDEN
70
0
3
__ __ __
72
65
73
2
40
4.5
49
3
49
-1.5
0
LTYPE
2
CENTER
70
0
3
____ _ ____
72
65
73
4
40
12
49
8
49
-1.5
49
1
49
-1.5
0
ENDTAB
0
ENDSEC
0
SECTION
2
ENTITIES
0
LINE
8
CERCEVE
6
CONTINUOUS
10
10.0000
20
10.0000
11
410.0000
21
10.0000
0
LINE
8
CERCEVE
6
CONTINUOUS
10
410.0000
20
10.0000
11
410.0000
21
287.0000
0
LINE
8
CERCEVE
6
CONTINUOUS
10
410.0000
20
287.0000
11
10.0000
21
287.0000
0
LINE
8
CERCEVE
6
CONTINUOUS
10
10.0000
20
287.0000
11
10.0000
21
10.0000
0
LINE
8
CERCEVE
6
CONTINUOUS
10
230.0000
20
10.0000
11
410.0000
21
10.0000
0
LINE
8
CERCEVE
6
CONTINUOUS
10
410.0000
20
10.0000
11
410.0000
21
50.0000
0
LINE
8
CERCEVE
6
CONTINUOUS
10
410.0000
20
50.0000
11
230.0000
21
50.0000
0
LINE
8
CERCEVE
6
CONTINUOUS
10
230.0000
20
50.0000
11
230.0000
21
10.0000
0
LINE
8
INCE
6
CONTINUOUS
10
230.0000
20
30.0000
11
410.0000
21
30.0000
0
LINE
8
INCE
6
CONTINUOUS
10
230.0000
20
40.0000
11
410.0000
21
40.0000
0
LINE
8
INCE
6
CONTINUOUS
10
330.0000
20
10.0000
11
330.0000
21
40.0000
0
LINE
8
INCE
6
CONTINUOUS
10
370.0000
20
10.0000
11
370.0000
21
40.0000
0
LINE
8
INCE
6
CONTINUOUS
10
230.0000
20
20.0000
11
410.0000
21
20.0000
0
LINE
8
INCE
6
CONTINUOUS
10
330.0000
20
40.0000
11
330.0000
21
40.0000
0
LINE
8
GORUNEN
6
CONTINUOUS
10
132.0000
20
155.0000
11
238.0000
21
155.0000
0
LINE
8
GORUNEN
6
CONTINUOUS
10
132.0000
20
155.0000
11
131.8040
21
155.0096
0
LINE
8
GORUNEN
6
CONTINUOUS
10
131.8040
20
155.0096
11
131.6098
21
155.0384
0
LINE
8
GORUNEN
6
CONTINUOUS
10
131.6098
20
155.0384
11
131.4194
21
155.0861
0
LINE
8
GORUNEN
6
CONTINUOUS
10
131.4194
20
155.0861
11
131.2346
21
155.1522
0
LINE
8
GORUNEN
6
CONTINUOUS
10
131.2346
20
155.1522
11
131.0572
21
155.2362
0
LINE
8
GORUNEN
6
CONTINUOUS
10
131.0572
20
155.2362
11
130.8889
21
155.3371
0
LINE
8
GORUNEN
6
CONTINUOUS
10
130.8889
20
155.3371
11
130.7312
21
155.4540
0
LINE
8
GORUNEN
6
CONTINUOUS
10
130.7312
20
155.4540
11
130.5858
21
155.5858
0
LINE
8
GORUNEN
6
CONTINUOUS
10
130.5858
20
155.5858
11
130.4540
21
155.7312
0
LINE
8
GORUNEN
6
CONTINUOUS
10
130.4540
20
155.7312
11
130.3371
21
155.8889
0
LINE
8
GORUNEN
6
CONTINUOUS
10
130.3371
20
155.8889
11
130.2362
21
156.0572
0
LINE
8
GORUNEN
6
CONTINUOUS
10
130.2362
20
156.0572
11
130.1522
21
156.2346
0
LINE
8
GORUNEN
6
CONTINUOUS
10
130.1522
20
156.2346
11
130.0861
21
156.4194
0
LINE
8
GORUNEN
6
CONTINUOUS
10
130.0861
20
156.4194
11
130.0384
21
156.6098
0
LINE
8
GORUNEN
6
CONTINUOUS
10
130.0384
20
156.6098
11
130.0096
21
156.8040
0
LINE
8
GORUNEN
6
CONTINUOUS
10
130.0096
20
156.8040
11
130.0000
21
157.0000
0
LINE
8
GORUNEN
6
CONTINUOUS
10
238.0000
20
155.0000
11
238.1960
21
155.0096
0
LINE
8
GORUNEN
6
CONTINUOUS
10
238.1960
20
155.0096
11
238.3902
21
155.0384
0
LINE
8
GORUNEN
6
CONTINUOUS
10
238.3902
20
155.0384
11
238.5806
21
155.0861
0
LINE
8
GORUNEN
6
CONTINUOUS
10
238.5806
20
155.0861
11
238.7654
21
155.1522
0
LINE
8
GORUNEN
6
CONTINUOUS
10
238.7654
20
155.1522
11
238.9428
21
155.2362
0
LINE
8
GORUNEN
6
CONTINUOUS
10
238.9428
20
155.2362
11
239.1111
21
155.3371
0
LINE
8
GORUNEN
6
CONTINUOUS
10
239.1111
20
155.3371
11
239.2688
21
155.4540
0
LINE
8
GORUNEN
6
CONTINUOUS
10
239.2688
20
155.4540
11
239.4142
21
155.5858
0
LINE
8
GORUNEN
6
CONTINUOUS
10
239.4142
20
155.5858
11
239.5460
21
155.7312
0
LINE
8
GORUNEN
6
CONTINUOUS
10
239.5460
20
155.7312
11
239.6629
21
155.8889
0
LINE
8
GORUNEN
6
CONTINUOUS
10
239.6629
20
155.8889
11
239.7638
21
156.0572
0
LINE
8
GORUNEN
6
CONTINUOUS
10
239.7638
20
156.0572
11
239.8478
21
156.2346
0
LINE
8
GORUNEN
6
CONTINUOUS
10
239.8478
20
156.2346
11
239.9139
21
156.4194
0
LINE
8
GORUNEN
6
CONTINUOUS
10
239.9139
20
156.4194
11
239.9616
21
156.6098
0
LINE
8
GORUNEN
6
CONTINUOUS
10
239.9616
20
156.6098
11
239.9904
21
156.8040
0
LINE
8
GORUNEN
6
CONTINUOUS
10
239.9904
20
156.8040
11
240.0000
21
157.0000
0
LINE
8
GORUNEN
6
CONTINUOUS
10
130.0000
20
233.0000
11
130.0000
21
157.0000
0
LINE
8
GORUNEN
6
CONTINUOUS
10
240.0000
20
157.0000
11
240.0000
21
163.0000
0
LINE
8
GORUNEN
6
CONTINUOUS
10
130.0000
20
233.0000
11
130.0096
21
233.1960
0
LINE
8
GORUNEN
6
CONTINUOUS
10
130.0096
20
233.1960
11
130.0384
21
233.3902
0
LINE
8
GORUNEN
6
CONTINUOUS
10
130.0384
20
233.3902
11
130.0861
21
233.5806
0
LINE
8
GORUNEN
6
CONTINUOUS
10
130.0861
20
233.5806
11
130.1522
21
233.7654
0
LINE
8
GORUNEN
6
CONTINUOUS
10
130.1522
20
233.7654
11
130.2362
21
233.9428
0
LINE
8
GORUNEN
6
CONTINUOUS
10
130.2362
20
233.9428
11
130.3371
21
234.1111
0
LINE
8
GORUNEN
6
CONTINUOUS
10
130.3371
20
234.1111
11
130.4540
21
234.2688
0
LINE
8
GORUNEN
6
CONTINUOUS
10
130.4540
20
234.2688
11
130.5858
21
234.4142
0
LINE
8
GORUNEN
6
CONTINUOUS
10
130.5858
20
234.4142
11
130.7312
21
234.5460
0
LINE
8
GORUNEN
6
CONTINUOUS
10
130.7312
20
234.5460
11
130.8889
21
234.6629
0
LINE
8
GORUNEN
6
CONTINUOUS
10
130.8889
20
234.6629
11
131.0572
21
234.7638
0
LINE
8
GORUNEN
6
CONTINUOUS
10
131.0572
20
234.7638
11
131.2346
21
234.8478
0
LINE
8
GORUNEN
6
CONTINUOUS
10
131.2346
20
234.8478
11
131.4194
21
234.9139
0
LINE
8
GORUNEN
6
CONTINUOUS
10
131.4194
20
234.9139
11
131.6098
21
234.9616
0
LINE
8
GORUNEN
6
CONTINUOUS
10
131.6098
20
234.9616
11
131.8040
21
234.9904
0
LINE
8
GORUNEN
6
CONTINUOUS
10
131.8040
20
234.9904
11
132.0000
21
235.0000
0
LINE
8
GORUNEN
6
CONTINUOUS
10
240.0000
20
163.0000
11
239.9904
21
163.1960
0
LINE
8
GORUNEN
6
CONTINUOUS
10
239.9904
20
163.1960
11
239.9616
21
163.3902
0
LINE
8
GORUNEN
6
CONTINUOUS
10
239.9616
20
163.3902
11
239.9139
21
163.5806
0
LINE
8
GORUNEN
6
CONTINUOUS
10
239.9139
20
163.5806
11
239.8478
21
163.7654
0
LINE
8
GORUNEN
6
CONTINUOUS
10
239.8478
20
163.7654
11
239.7638
21
163.9428
0
LINE
8
GORUNEN
6
CONTINUOUS
10
239.7638
20
163.9428
11
239.6629
21
164.1111
0
LINE
8
GORUNEN
6
CONTINUOUS
10
239.6629
20
164.1111
11
239.5460
21
164.2688
0
LINE
8
GORUNEN
6
CONTINUOUS
10
239.5460
20
164.2688
11
239.4142
21
164.4142
0
LINE
8
GORUNEN
6
CONTINUOUS
10
239.4142
20
164.4142
11
239.2688
21
164.5460
0
LINE
8
GORUNEN
6
CONTINUOUS
10
239.2688
20
164.5460
11
239.1111
21
164.6629
0
LINE
8
GORUNEN
6
CONTINUOUS
10
239.1111
20
164.6629
11
238.9428
21
164.7638
0
LINE
8
GORUNEN
6
CONTINUOUS
10
238.9428
20
164.7638
11
238.7654
21
164.8478
0
LINE
8
GORUNEN
6
CONTINUOUS
10
238.7654
20
164.8478
11
238.5806
21
164.9139
0
LINE
8
GORUNEN
6
CONTINUOUS
10
238.5806
20
164.9139
11
238.3902
21
164.9616
0
LINE
8
GORUNEN
6
CONTINUOUS
10
238.3902
20
164.9616
11
238.1960
21
164.9904
0
LINE
8
GORUNEN
6
CONTINUOUS
10
238.1960
20
164.9904
11
238.0000
21
165.0000
0
LINE
8
GORUNEN
6
CONTINUOUS
10
138.0000
20
235.0000
11
132.0000
21
235.0000
0
LINE
8
GORUNEN
6
CONTINUOUS
10
238.0000
20
165.0000
11
142.0000
21
165.0000
0
LINE
8
GORUNEN
6
CONTINUOUS
10
138.0000
20
235.0000
11
138.1960
21
234.9904
0
LINE
8
GORUNEN
6
CONTINUOUS
10
138.1960
20
234.9904
11
138.3902
21
234.9616
0
LINE
8
GORUNEN
6
CONTINUOUS
10
138.3902
20
234.9616
11
138.5806
21
234.9139
0
LINE
8
GORUNEN
6
CONTINUOUS
10
138.5806
20
234.9139
11
138.7654
21
234.8478
0
LINE
8
GORUNEN
6
CONTINUOUS
10
138.7654
20
234.8478
11
138.9428
21
234.7638
0
LINE
8
GORUNEN
6
CONTINUOUS
10
138.9428
20
234.7638
11
139.1111
21
234.6629
0
LINE
8
GORUNEN
6
CONTINUOUS
10
139.1111
20
234.6629
11
139.2688
21
234.5460
0
LINE
8
GORUNEN
6
CONTINUOUS
10
139.2688
20
234.5460
11
139.4142
21
234.4142
0
LINE
8
GORUNEN
6
CONTINUOUS
10
139.4142
20
234.4142
11
139.5460
21
234.2688
0
LINE
8
GORUNEN
6
CONTINUOUS
10
139.5460
20
234.2688
11
139.6629
21
234.1111
0
LINE
8
GORUNEN
6
CONTINUOUS
10
139.6629
20
234.1111
11
139.7638
21
233.9428
0
LINE
8
GORUNEN
6
CONTINUOUS
10
139.7638
20
233.9428
11
139.8478
21
233.7654
0
LINE
8
GORUNEN
6
CONTINUOUS
10
139.8478
20
233.7654
11
139.9139
21
233.5806
0
LINE
8
GORUNEN
6
CONTINUOUS
10
139.9139
20
233.5806
11
139.9616
21
233.3902
0
LINE
8
GORUNEN
6
CONTINUOUS
10
139.9616
20
233.3902
11
139.9904
21
233.1960
0
LINE
8
GORUNEN
6
CONTINUOUS
10
139.9904
20
233.1960
11
140.0000
21
233.0000
0
LINE
8
GORUNEN
6
CONTINUOUS
10
142.0000
20
165.0000
11
141.8040
21
165.0096
0
LINE
8
GORUNEN
6
CONTINUOUS
10
141.8040
20
165.0096
11
141.6098
21
165.0384
0
LINE
8
GORUNEN
6
CONTINUOUS
10
141.6098
20
165.0384
11
141.4194
21
165.0861
0
LINE
8
GORUNEN
6
CONTINUOUS
10
141.4194
20
165.0861
11
141.2346
21
165.1522
0
LINE
8
GORUNEN
6
CONTINUOUS
10
141.2346
20
165.1522
11
141.0572
21
165.2362
0
LINE
8
GORUNEN
6
CONTINUOUS
10
141.0572
20
165.2362
11
140.8889
21
165.3371
0
LINE
8
GORUNEN
6
CONTINUOUS
10
140.8889
20
165.3371
11
140.7312
21
165.4540
0
LINE
8
GORUNEN
6
CONTINUOUS
10
140.7312
20
165.4540
11
140.5858
21
165.5858
0
LINE
8
GORUNEN
6
CONTINUOUS
10
140.5858
20
165.5858
11
140.4540
21
165.7312
0
LINE
8
GORUNEN
6
CONTINUOUS
10
140.4540
20
165.7312
11
140.3371
21
165.8889
0
LINE
8
GORUNEN
6
CONTINUOUS
10
140.3371
20
165.8889
11
140.2362
21
166.0572
0
LINE
8
GORUNEN
6
CONTINUOUS
10
140.2362
20
166.0572
11
140.1522
21
166.2346
0
LINE
8
GORUNEN
6
CONTINUOUS
10
140.1522
20
166.2346
11
140.0861
21
166.4194
0
LINE
8
GORUNEN
6
CONTINUOUS
10
140.0861
20
166.4194
11
140.0384
21
166.6098
0
LINE
8
GORUNEN
6
CONTINUOUS
10
140.0384
20
166.6098
11
140.0096
21
166.8040
0
LINE
8
GORUNEN
6
CONTINUOUS
10
140.0096
20
166.8040
11
140.0000
21
167.0000
0
LINE
8
GORUNEN
6
CONTINUOUS
10
140.0000
20
167.0000
11
140.0000
21
233.0000
0
LINE
8
GORUNEN
6
CONTINUOUS
10
182.0000
20
165.0000
11
140.0000
21
188.0000
0
LINE
8
GIZLI
6
HIDDEN
10
132.0000
20
155.0000
11
238.0000
21
155.0000
0
LINE
8
GIZLI
6
HIDDEN
10
175.5000
20
155.0000
11
184.5000
21
155.0000
0
LINE
8
GIZLI
6
HIDDEN
10
184.5000
20
155.0000
11
175.5000
21
155.0000
0
LINE
8
GIZLI
6
HIDDEN
10
217.5000
20
155.0000
11
226.5000
21
155.0000
0
LINE
8
GIZLI
6
HIDDEN
10
226.5000
20
155.0000
11
217.5000
21
155.0000
0
LINE
8
GIZLI
6
HIDDEN
10
175.5000
20
155.0000
11
184.5000
21
155.0000
0
LINE
8
GIZLI
6
HIDDEN
10
184.5000
20
155.0000
11
175.5000
21
155.0000
0
LINE
8
GIZLI
6
HIDDEN
10
217.5000
20
155.0000
11
226.5000
21
155.0000
0
LINE
8
GIZLI
6
HIDDEN
10
226.5000
20
155.0000
11
217.5000
21
155.0000
0
LINE
8
GIZLI
6
HIDDEN
10
132.0000
20
155.0000
11
131.8040
21
155.0096
0
LINE
8
GIZLI
6
HIDDEN
10
131.8040
20
155.0096
11
131.6098
21
155.0384
0
LINE
8
GIZLI
6
HIDDEN
10
131.6098
20
155.0384
11
131.4194
21
155.0861
0
LINE
8
GIZLI
6
HIDDEN
10
131.4194
20
155.0861
11
131.2346
21
155.1522
0
LINE
8
GIZLI
6
HIDDEN
10
131.2346
20
155.1522
11
131.0572
21
155.2362
0
LINE
8
GIZLI
6
HIDDEN
10
131.0572
20
155.2362
11
130.8889
21
155.3371
0
LINE
8
GIZLI
6
HIDDEN
10
130.8889
20
155.3371
11
130.7312
21
155.4540
0
LINE
8
GIZLI
6
HIDDEN
10
130.7312
20
155.4540
11
130.5858
21
155.5858
0
LINE
8
GIZLI
6
HIDDEN
10
130.5858
20
155.5858
11
130.4540
21
155.7312
0
LINE
8
GIZLI
6
HIDDEN
10
130.4540
20
155.7312
11
130.3371
21
155.8889
0
LINE
8
GIZLI
6
HIDDEN
10
130.3371
20
155.8889
11
130.2362
21
156.0572
0
LINE
8
GIZLI
6
HIDDEN
10
130.2362
20
156.0572
11
130.1522
21
156.2346
0
LINE
8
GIZLI
6
HIDDEN
10
130.1522
20
156.2346
11
130.0861
21
156.4194
0
LINE
8
GIZLI
6
HIDDEN
10
130.0861
20
156.4194
11
130.0384
21
156.6098
0
LINE
8
GIZLI
6
HIDDEN
10
130.0384
20
156.6098
11
130.0096
21
156.8040
0
LINE
8
GIZLI
6
HIDDEN
10
130.0096
20
156.8040
11
130.0000
21
157.0000
0
LINE
8
GIZLI
6
HIDDEN
10
238.0000
20
155.0000
11
238.1960
21
155.0096
0
LINE
8
GIZLI
6
HIDDEN
10
238.1960
20
155.0096
11
238.3902
21
155.0384
0
LINE
8
GIZLI
6
HIDDEN
10
238.3902
20
155.0384
11
238.5806
21
155.0861
0
LINE
8
GIZLI
6
HIDDEN
10
238.5806
20
155.0861
11
238.7654
21
155.1522
0
LINE
8
GIZLI
6
HIDDEN
10
238.7654
20
155.1522
11
238.9428
21
155.2362
0
LINE
8
GIZLI
6
HIDDEN
10
238.9428
20
155.2362
11
239.1111
21
155.3371
0
LINE
8
GIZLI
6
HIDDEN
10
239.1111
20
155.3371
11
239.2688
21
155.4540
0
LINE
8
GIZLI
6
HIDDEN
10
239.2688
20
155.4540
11
239.4142
21
155.5858
0
LINE
8
GIZLI
6
HIDDEN
10
239.4142
20
155.5858
11
239.5460
21
155.7312
0
LINE
8
GIZLI
6
HIDDEN
10
239.5460
20
155.7312
11
239.6629
21
155.8889
0
LINE
8
GIZLI
6
HIDDEN
10
239.6629
20
155.8889
11
239.7638
21
156.0572
0
LINE
8
GIZLI
6
HIDDEN
10
239.7638
20
156.0572
11
239.8478
21
156.2346
0
LINE
8
GIZLI
6
HIDDEN
10
239.8478
20
156.2346
11
239.9139
21
156.4194
0
LINE
8
GIZLI
6
HIDDEN
10
239.9139
20
156.4194
11
239.9616
21
156.6098
0
LINE
8
GIZLI
6
HIDDEN
10
239.9616
20
156.6098
11
239.9904
21
156.8040
0
LINE
8
GIZLI
6
HIDDEN
10
239.9904
20
156.8040
11
240.0000
21
157.0000
0
LINE
8
GIZLI
6
HIDDEN
10
130.0000
20
233.0000
11
130.0000
21
157.0000
0
LINE
8
GIZLI
6
HIDDEN
10
240.0000
20
157.0000
11
240.0000
21
163.0000
0
LINE
8
GIZLI
6
HIDDEN
10
130.0000
20
233.0000
11
130.0096
21
233.1960
0
LINE
8
GIZLI
6
HIDDEN
10
130.0096
20
233.1960
11
130.0384
21
233.3902
0
LINE
8
GIZLI
6
HIDDEN
10
130.0384
20
233.3902
11
130.0861
21
233.5806
0
LINE
8
GIZLI
6
HIDDEN
10
130.0861
20
233.5806
11
130.1522
21
233.7654
0
LINE
8
GIZLI
6
HIDDEN
10
130.1522
20
233.7654
11
130.2362
21
233.9428
0
LINE
8
GIZLI
6
HIDDEN
10
130.2362
20
233.9428
11
130.3371
21
234.1111
0
LINE
8
GIZLI
6
HIDDEN
10
130.3371
20
234.1111
11
130.4540
21
234.2688
0
LINE
8
GIZLI
6
HIDDEN
10
130.4540
20
234.2688
11
130.5858
21
234.4142
0
LINE
8
GIZLI
6
HIDDEN
10
130.5858
20
234.4142
11
130.7312
21
234.5460
0
LINE
8
GIZLI
6
HIDDEN
10
130.7312
20
234.5460
11
130.8889
21
234.6629
0
LINE
8
GIZLI
6
HIDDEN
10
130.8889
20
234.6629
11
131.0572
21
234.7638
0
LINE
8
GIZLI
6
HIDDEN
10
131.0572
20
234.7638
11
131.2346
21
234.8478
0
LINE
8
GIZLI
6
HIDDEN
10
131.2346
20
234.8478
11
131.4194
21
234.9139
0
LINE
8
GIZLI
6
HIDDEN
10
131.4194
20
234.9139
11
131.6098
21
234.9616
0
LINE
8
GIZLI
6
HIDDEN
10
131.6098
20
234.9616
11
131.8040
21
234.9904
0
LINE
8
GIZLI
6
HIDDEN
10
131.8040
20
234.9904
11
132.0000
21
235.0000
0
LINE
8
GIZLI
6
HIDDEN
10
240.0000
20
163.0000
11
239.9904
21
163.1960
0
LINE
8
GIZLI
6
HIDDEN
10
239.9904
20
163.1960
11
239.9616
21
163.3902
0
LINE
8
GIZLI
6
HIDDEN
10
239.9616
20
163.3902
11
239.9139
21
163.5806
0
LINE
8
GIZLI
6
HIDDEN
10
239.9139
20
163.5806
11
239.8478
21
163.7654
0
LINE
8
GIZLI
6
HIDDEN
10
239.8478
20
163.7654
11
239.7638
21
163.9428
0
LINE
8
GIZLI
6
HIDDEN
10
239.7638
20
163.9428
11
239.6629
21
164.1111
0
LINE
8
GIZLI
6
HIDDEN
10
239.6629
20
164.1111
11
239.5460
21
164.2688
0
LINE
8
GIZLI
6
HIDDEN
10
239.5460
20
164.2688
11
239.4142
21
164.4142
0
LINE
8
GIZLI
6
HIDDEN
10
239.4142
20
164.4142
11
239.2688
21
164.5460
0
LINE
8
GIZLI
6
HIDDEN
10
239.2688
20
164.5460
11
239.1111
21
164.6629
0
LINE
8
GIZLI
6
HIDDEN
10
239.1111
20
164.6629
11
238.9428
21
164.7638
0
LINE
8
GIZLI
6
HIDDEN
10
238.9428
20
164.7638
11
238.7654
21
164.8478
0
LINE
8
GIZLI
6
HIDDEN
10
238.7654
20
164.8478
11
238.5806
21
164.9139
0
LINE
8
GIZLI
6
HIDDEN
10
238.5806
20
164.9139
11
238.3902
21
164.9616
0
LINE
8
GIZLI
6
HIDDEN
10
238.3902
20
164.9616
11
238.1960
21
164.9904
0
LINE
8
GIZLI
6
HIDDEN
10
238.1960
20
164.9904
11
238.0000
21
165.0000
0
LINE
8
GIZLI
6
HIDDEN
10
138.0000
20
235.0000
11
132.0000
21
235.0000
0
LINE
8
GIZLI
6
HIDDEN
10
238.0000
20
165.0000
11
142.0000
21
165.0000
0
LINE
8
GIZLI
6
HIDDEN
10
138.0000
20
235.0000
11
138.1960
21
234.9904
0
LINE
8
GIZLI
6
HIDDEN
10
138.1960
20
234.9904
11
138.3902
21
234.9616
0
LINE
8
GIZLI
6
HIDDEN
10
138.3902
20
234.9616
11
138.5806
21
234.9139
0
LINE
8
GIZLI
6
HIDDEN
10
138.5806
20
234.9139
11
138.7654
21
234.8478
0
LINE
8
GIZLI
6
HIDDEN
10
138.7654
20
234.8478
11
138.9428
21
234.7638
0
LINE
8
GIZLI
6
HIDDEN
10
138.9428
20
234.7638
11
139.1111
21
234.6629
0
LINE
8
GIZLI
6
HIDDEN
10
139.1111
20
234.6629
11
139.2688
21
234.5460
0
LINE
8
GIZLI
6
HIDDEN
10
139.2688
20
234.5460
11
139.4142
21
234.4142
0
LINE
8
GIZLI
6
HIDDEN
10
139.4142
20
234.4142
11
139.5460
21
234.2688
0
LINE
8
GIZLI
6
HIDDEN
10
139.5460
20
234.2688
11
139.6629
21
234.1111
0
LINE
8
GIZLI
6
HIDDEN
10
139.6629
20
234.1111
11
139.7638
21
233.9428
0
LINE
8
GIZLI
6
HIDDEN
10
139.7638
20
233.9428
11
139.8478
21
233.7654
0
LINE
8
GIZLI
6
HIDDEN
10
139.8478
20
233.7654
11
139.9139
21
233.5806
0
LINE
8
GIZLI
6
HIDDEN
10
139.9139
20
233.5806
11
139.9616
21
233.3902
0
LINE
8
GIZLI
6
HIDDEN
10
139.9616
20
233.3902
11
139.9904
21
233.1960
0
LINE
8
GIZLI
6
HIDDEN
10
139.9904
20
233.1960
11
140.0000
21
233.0000
0
LINE
8
GIZLI
6
HIDDEN
10
142.0000
20
165.0000
11
141.8040
21
165.0096
0
LINE
8
GIZLI
6
HIDDEN
10
141.8040
20
165.0096
11
141.6098
21
165.0384
0
LINE
8
GIZLI
6
HIDDEN
10
141.6098
20
165.0384
11
141.4194
21
165.0861
0
LINE
8
GIZLI
6
HIDDEN
10
141.4194
20
165.0861
11
141.2346
21
165.1522
0
LINE
8
GIZLI
6
HIDDEN
10
141.2346
20
165.1522
11
141.0572
21
165.2362
0
LINE
8
GIZLI
6
HIDDEN
10
141.0572
20
165.2362
11
140.8889
21
165.3371
0
LINE
8
GIZLI
6
HIDDEN
10
140.8889
20
165.3371
11
140.7312
21
165.4540
0
LINE
8
GIZLI
6
HIDDEN
10
140.7312
20
165.4540
11
140.5858
21
165.5858
0
LINE
8
GIZLI
6
HIDDEN
10
140.5858
20
165.5858
11
140.4540
21
165.7312
0
LINE
8
GIZLI
6
HIDDEN
10
140.4540
20
165.7312
11
140.3371
21
165.8889
0
LINE
8
GIZLI
6
HIDDEN
10
140.3371
20
165.8889
11
140.2362
21
166.0572
0
LINE
8
GIZLI
6
HIDDEN
10
140.2362
20
166.0572
11
140.1522
21
166.2346
0
LINE
8
GIZLI
6
HIDDEN
10
140.1522
20
166.2346
11
140.0861
21
166.4194
0
LINE
8
GIZLI
6
HIDDEN
10
140.0861
20
166.4194
11
140.0384
21
166.6098
0
LINE
8
GIZLI
6
HIDDEN
10
140.0384
20
166.6098
11
140.0096
21
166.8040
0
LINE
8
GIZLI
6
HIDDEN
10
140.0096
20
166.8040
11
140.0000
21
167.0000
0
LINE
8
GIZLI
6
HIDDEN
10
140.0000
20
167.0000
11
140.0000
21
233.0000
0
LINE
8
GIZLI
6
HIDDEN
10
175.5000
20
165.0000
11
175.5000
21
155.0000
0
LINE
8
GIZLI
6
HIDDEN
10
175.5000
20
165.0000
11
184.5000
21
165.0000
0
LINE
8
GIZLI
6
HIDDEN
10
184.5000
20
165.0000
11
175.5000
21
165.0000
0
LINE
8
GIZLI
6
HIDDEN
10
217.5000
20
165.0000
11
217.5000
21
155.0000
0
LINE
8
GIZLI
6
HIDDEN
10
217.5000
20
165.0000
11
226.5000
21
165.0000
0
LINE
8
GIZLI
6
HIDDEN
10
226.5000
20
165.0000
11
217.5000
21
165.0000
0
LINE
8
GIZLI
6
HIDDEN
10
175.5000
20
165.0000
11
175.5000
21
155.0000
0
LINE
8
GIZLI
6
HIDDEN
10
175.5000
20
165.0000
11
184.5000
21
165.0000
0
LINE
8
GIZLI
6
HIDDEN
10
184.5000
20
165.0000
11
175.5000
21
165.0000
0
LINE
8
GIZLI
6
HIDDEN
10
217.5000
20
165.0000
11
217.5000
21
155.0000
0
LINE
8
GIZLI
6
HIDDEN
10
217.5000
20
165.0000
11
226.5000
21
165.0000
0
LINE
8
GIZLI
6
HIDDEN
10
226.5000
20
165.0000
11
217.5000
21
165.0000
0
LINE
8
GIZLI
6
HIDDEN
10
130.0000
20
217.1400
11
130.0000
21
219.8900
0
LINE
8
GIZLI
6
HIDDEN
10
130.0000
20
219.8900
11
130.0000
21
214.3900
0
LINE
8
GIZLI
6
HIDDEN
10
130.0000
20
214.3900
11
130.0000
21
217.1400
0
LINE
8
GIZLI
6
HIDDEN
10
130.0000
20
188.8600
11
130.0000
21
191.6100
0
LINE
8
GIZLI
6
HIDDEN
10
130.0000
20
191.6100
11
130.0000
21
186.1100
0
LINE
8
GIZLI
6
HIDDEN
10
130.0000
20
186.1100
11
130.0000
21
188.8600
0
LINE
8
GIZLI
6
HIDDEN
10
130.0000
20
217.1400
11
130.0000
21
219.8900
0
LINE
8
GIZLI
6
HIDDEN
10
130.0000
20
219.8900
11
130.0000
21
214.3900
0
LINE
8
GIZLI
6
HIDDEN
10
130.0000
20
214.3900
11
130.0000
21
217.1400
0
LINE
8
GIZLI
6
HIDDEN
10
130.0000
20
203.0000
11
130.0000
21
214.0000
0
LINE
8
GIZLI
6
HIDDEN
10
130.0000
20
214.0000
11
130.0000
21
192.0000
0
LINE
8
GIZLI
6
HIDDEN
10
130.0000
20
192.0000
11
130.0000
21
203.0000
0
LINE
8
GIZLI
6
HIDDEN
10
130.0000
20
188.8600
11
130.0000
21
191.6100
0
LINE
8
GIZLI
6
HIDDEN
10
130.0000
20
191.6100
11
130.0000
21
186.1100
0
LINE
8
GIZLI
6
HIDDEN
10
130.0000
20
186.1100
11
130.0000
21
188.8600
0
LINE
8
GIZLI
6
HIDDEN
10
142.0000
20
165.0000
11
182.0000
21
165.0000
0
LINE
8
GIZLI
6
HIDDEN
10
142.0000
20
165.0000
11
182.0000
21
165.0000
0
LINE
8
GIZLI
6
HIDDEN
10
142.0000
20
165.0000
11
141.8040
21
165.0096
0
LINE
8
GIZLI
6
HIDDEN
10
141.8040
20
165.0096
11
141.6098
21
165.0384
0
LINE
8
GIZLI
6
HIDDEN
10
141.6098
20
165.0384
11
141.4194
21
165.0861
0
LINE
8
GIZLI
6
HIDDEN
10
141.4194
20
165.0861
11
141.2346
21
165.1522
0
LINE
8
GIZLI
6
HIDDEN
10
141.2346
20
165.1522
11
141.0572
21
165.2362
0
LINE
8
GIZLI
6
HIDDEN
10
141.0572
20
165.2362
11
140.8889
21
165.3371
0
LINE
8
GIZLI
6
HIDDEN
10
140.8889
20
165.3371
11
140.7312
21
165.4540
0
LINE
8
GIZLI
6
HIDDEN
10
140.7312
20
165.4540
11
140.5858
21
165.5858
0
LINE
8
GIZLI
6
HIDDEN
10
140.5858
20
165.5858
11
140.4540
21
165.7312
0
LINE
8
GIZLI
6
HIDDEN
10
140.4540
20
165.7312
11
140.3371
21
165.8889
0
LINE
8
GIZLI
6
HIDDEN
10
140.3371
20
165.8889
11
140.2362
21
166.0572
0
LINE
8
GIZLI
6
HIDDEN
10
140.2362
20
166.0572
11
140.1522
21
166.2346
0
LINE
8
GIZLI
6
HIDDEN
10
140.1522
20
166.2346
11
140.0861
21
166.4194
0
LINE
8
GIZLI
6
HIDDEN
10
140.0861
20
166.4194
11
140.0384
21
166.6098
0
LINE
8
GIZLI
6
HIDDEN
10
140.0384
20
166.6098
11
140.0096
21
166.8040
0
LINE
8
GIZLI
6
HIDDEN
10
140.0096
20
166.8040
11
140.0000
21
167.0000
0
LINE
8
GIZLI
6
HIDDEN
10
140.0000
20
188.0000
11
140.0000
21
167.0000
0
LINE
8
GIZLI
6
HIDDEN
10
140.0000
20
188.0000
11
140.0000
21
167.0000
0
LINE
8
GIZLI
6
HIDDEN
10
140.0000
20
188.8600
11
140.0000
21
191.6100
0
LINE
8
GIZLI
6
HIDDEN
10
140.0000
20
191.6100
11
140.0000
21
186.1100
0
LINE
8
GIZLI
6
HIDDEN
10
140.0000
20
186.1100
11
140.0000
21
188.8600
0
LINE
8
GIZLI
6
HIDDEN
10
140.0000
20
217.1400
11
140.0000
21
219.8900
0
LINE
8
GIZLI
6
HIDDEN
10
140.0000
20
219.8900
11
140.0000
21
214.3900
0
LINE
8
GIZLI
6
HIDDEN
10
140.0000
20
214.3900
11
140.0000
21
217.1400
0
LINE
8
GIZLI
6
HIDDEN
10
140.0000
20
188.8600
11
140.0000
21
191.6100
0
LINE
8
GIZLI
6
HIDDEN
10
140.0000
20
191.6100
11
140.0000
21
186.1100
0
LINE
8
GIZLI
6
HIDDEN
10
140.0000
20
186.1100
11
140.0000
21
188.8600
0
LINE
8
GIZLI
6
HIDDEN
10
140.0000
20
203.0000
11
140.0000
21
214.0000
0
LINE
8
GIZLI
6
HIDDEN
10
140.0000
20
214.0000
11
140.0000
21
192.0000
0
LINE
8
GIZLI
6
HIDDEN
10
140.0000
20
192.0000
11
140.0000
21
203.0000
0
LINE
8
GIZLI
6
HIDDEN
10
140.0000
20
217.1400
11
140.0000
21
219.8900
0
LINE
8
GIZLI
6
HIDDEN
10
140.0000
20
219.8900
11
140.0000
21
214.3900
0
LINE
8
GIZLI
6
HIDDEN
10
140.0000
20
214.3900
11
140.0000
21
217.1400
0
LINE
8
GIZLI
6
HIDDEN
10
142.0000
20
165.0000
11
141.8040
21
165.0096
0
LINE
8
GIZLI
6
HIDDEN
10
141.8040
20
165.0096
11
141.6098
21
165.0384
0
LINE
8
GIZLI
6
HIDDEN
10
141.6098
20
165.0384
11
141.4194
21
165.0861
0
LINE
8
GIZLI
6
HIDDEN
10
141.4194
20
165.0861
11
141.2346
21
165.1522
0
LINE
8
GIZLI
6
HIDDEN
10
141.2346
20
165.1522
11
141.0572
21
165.2362
0
LINE
8
GIZLI
6
HIDDEN
10
141.0572
20
165.2362
11
140.8889
21
165.3371
0
LINE
8
GIZLI
6
HIDDEN
10
140.8889
20
165.3371
11
140.7312
21
165.4540
0
LINE
8
GIZLI
6
HIDDEN
10
140.7312
20
165.4540
11
140.5858
21
165.5858
0
LINE
8
GIZLI
6
HIDDEN
10
140.5858
20
165.5858
11
140.4540
21
165.7312
0
LINE
8
GIZLI
6
HIDDEN
10
140.4540
20
165.7312
11
140.3371
21
165.8889
0
LINE
8
GIZLI
6
HIDDEN
10
140.3371
20
165.8889
11
140.2362
21
166.0572
0
LINE
8
GIZLI
6
HIDDEN
10
140.2362
20
166.0572
11
140.1522
21
166.2346
0
LINE
8
GIZLI
6
HIDDEN
10
140.1522
20
166.2346
11
140.0861
21
166.4194
0
LINE
8
GIZLI
6
HIDDEN
10
140.0861
20
166.4194
11
140.0384
21
166.6098
0
LINE
8
GIZLI
6
HIDDEN
10
140.0384
20
166.6098
11
140.0096
21
166.8040
0
LINE
8
GIZLI
6
HIDDEN
10
140.0096
20
166.8040
11
140.0000
21
167.0000
0
LINE
8
GIZLI
6
HIDDEN
10
182.0000
20
165.0000
11
140.0000
21
188.0000
0
LINE
8
GIZLI
6
HIDDEN
10
184.5000
20
165.0000
11
184.5000
21
155.0000
0
LINE
8
GIZLI
6
HIDDEN
10
226.5000
20
165.0000
11
226.5000
21
155.0000
0
LINE
8
GIZLI
6
HIDDEN
10
184.5000
20
165.0000
11
184.5000
21
155.0000
0
LINE
8
GIZLI
6
HIDDEN
10
226.5000
20
165.0000
11
226.5000
21
155.0000
0
LINE
8
GIZLI
6
HIDDEN
10
130.0000
20
214.3900
11
140.0000
21
214.3900
0
LINE
8
GIZLI
6
HIDDEN
10
130.0000
20
219.8900
11
140.0000
21
219.8900
0
LINE
8
GIZLI
6
HIDDEN
10
130.0000
20
186.1100
11
140.0000
21
186.1100
0
LINE
8
GIZLI
6
HIDDEN
10
130.0000
20
191.6100
11
140.0000
21
191.6100
0
LINE
8
GIZLI
6
HIDDEN
10
130.0000
20
214.3900
11
140.0000
21
214.3900
0
LINE
8
GIZLI
6
HIDDEN
10
130.0000
20
219.8900
11
140.0000
21
219.8900
0
LINE
8
GIZLI
6
HIDDEN
10
130.0000
20
192.0000
11
140.0000
21
192.0000
0
LINE
8
GIZLI
6
HIDDEN
10
130.0000
20
214.0000
11
140.0000
21
214.0000
0
LINE
8
GIZLI
6
HIDDEN
10
130.0000
20
186.1100
11
140.0000
21
186.1100
0
LINE
8
GIZLI
6
HIDDEN
10
130.0000
20
191.6100
11
140.0000
21
191.6100
0
LINE
8
EKSEN
6
CENTER
10
127.5000
20
157.0000
11
136.5000
21
157.0000
0
LINE
8
EKSEN
6
CENTER
10
132.0000
20
152.5000
11
132.0000
21
161.5000
0
LINE
8
EKSEN
6
CENTER
10
233.5000
20
157.0000
11
242.5000
21
157.0000
0
LINE
8
EKSEN
6
CENTER
10
238.0000
20
152.5000
11
238.0000
21
161.5000
0
LINE
8
EKSEN
6
CENTER
10
127.5000
20
233.0000
11
136.5000
21
233.0000
0
LINE
8
EKSEN
6
CENTER
10
132.0000
20
228.5000
11
132.0000
21
237.5000
0
LINE
8
EKSEN
6
CENTER
10
233.5000
20
163.0000
11
242.5000
21
163.0000
0
LINE
8
EKSEN
6
CENTER
10
238.0000
20
158.5000
11
238.0000
21
167.5000
0
LINE
8
EKSEN
6
CENTER
10
133.5000
20
233.0000
11
142.5000
21
233.0000
0
LINE
8
EKSEN
6
CENTER
10
138.0000
20
228.5000
11
138.0000
21
237.5000
0
LINE
8
EKSEN
6
CENTER
10
137.5000
20
167.0000
11
146.5000
21
167.0000
0
LINE
8
EKSEN
6
CENTER
10
142.0000
20
162.5000
11
142.0000
21
171.5000
0
LINE
8
EKSEN
6
CENTER
10
180.0000
20
167.5000
11
180.0000
21
152.5000
0
LINE
8
EKSEN
6
CENTER
10
222.0000
20
167.5000
11
222.0000
21
152.5000
0
LINE
8
EKSEN
6
CENTER
10
127.5000
20
217.1400
11
142.5000
21
217.1400
0
LINE
8
EKSEN
6
CENTER
10
127.5000
20
188.8600
11
142.5000
21
188.8600
0
LINE
8
EKSEN
6
CENTER
10
127.5000
20
203.0000
11
142.5000
21
203.0000
0
LINE
8
GORUNEN
6
CONTINUOUS
10
130.0000
20
115.0000
11
132.0000
21
115.0000
0
LINE
8
GORUNEN
6
CONTINUOUS
10
240.0000
20
115.0000
11
238.0000
21
115.0000
0
LINE
8
GORUNEN
6
CONTINUOUS
10
138.0000
20
115.0000
11
132.0000
21
115.0000
0
LINE
8
GORUNEN
6
CONTINUOUS
10
238.0000
20
115.0000
11
142.0000
21
115.0000
0
LINE
8
GORUNEN
6
CONTINUOUS
10
138.0000
20
115.0000
11
140.0000
21
115.0000
0
LINE
8
GORUNEN
6
CONTINUOUS
10
142.0000
20
115.0000
11
140.0000
21
115.0000
0
LINE
8
GORUNEN
6
CONTINUOUS
10
130.0000
20
55.0000
11
132.0000
21
55.0000
0
LINE
8
GORUNEN
6
CONTINUOUS
10
240.0000
20
55.0000
11
238.0000
21
55.0000
0
LINE
8
GORUNEN
6
CONTINUOUS
10
138.0000
20
55.0000
11
132.0000
21
55.0000
0
LINE
8
GORUNEN
6
CONTINUOUS
10
238.0000
20
55.0000
11
142.0000
21
55.0000
0
LINE
8
GORUNEN
6
CONTINUOUS
10
138.0000
20
55.0000
11
140.0000
21
55.0000
0
LINE
8
GORUNEN
6
CONTINUOUS
10
142.0000
20
55.0000
11
140.0000
21
55.0000
0
LINE
8
GORUNEN
6
CONTINUOUS
10
175.5000
20
65.0000
11
175.5224
21
65.4481
0
LINE
8
GORUNEN
6
CONTINUOUS
10
175.5224
20
65.4481
11
175.5892
21
65.8917
0
LINE
8
GORUNEN
6
CONTINUOUS
10
175.5892
20
65.8917
11
175.6999
21
66.3264
0
LINE
8
GORUNEN
6
CONTINUOUS
10
175.6999
20
66.3264
11
175.8534
21
66.7480
0
LINE
8
GORUNEN
6
CONTINUOUS
10
175.8534
20
66.7480
11
176.0480
21
67.1521
0
LINE
8
GORUNEN
6
CONTINUOUS
10
176.0480
20
67.1521
11
176.2819
21
67.5349
0
LINE
8
GORUNEN
6
CONTINUOUS
10
176.2819
20
67.5349
11
176.5528
21
67.8925
0
LINE
8
GORUNEN
6
CONTINUOUS
10
176.5528
20
67.8925
11
176.8579
21
68.2214
0
LINE
8
GORUNEN
6
CONTINUOUS
10
176.8579
20
68.2214
11
177.1943
21
68.5182
0
LINE
8
GORUNEN
6
CONTINUOUS
10
177.1943
20
68.5182
11
177.5585
21
68.7801
0
LINE
8
GORUNEN
6
CONTINUOUS
10
177.5585
20
68.7801
11
177.9471
21
69.0044
0
LINE
8
GORUNEN
6
CONTINUOUS
10
177.9471
20
69.0044
11
178.3560
21
69.1889
0
LINE
8
GORUNEN
6
CONTINUOUS
10
178.3560
20
69.1889
11
178.7812
21
69.3318
0
LINE
8
GORUNEN
6
CONTINUOUS
10
178.7812
20
69.3318
11
179.2186
21
69.4316
0
LINE
8
GORUNEN
6
CONTINUOUS
10
179.2186
20
69.4316
11
179.6637
21
69.4874
0
LINE
8
GORUNEN
6
CONTINUOUS
10
179.6637
20
69.4874
11
180.1122
21
69.4986
0
LINE
8
GORUNEN
6
CONTINUOUS
10
180.1122
20
69.4986
11
180.5595
21
69.4651
0
LINE
8
GORUNEN
6
CONTINUOUS
10
180.5595
20
69.4651
11
181.0013
21
69.3872
0
LINE
8
GORUNEN
6
CONTINUOUS
10
181.0013
20
69.3872
11
181.4332
21
69.2657
0
LINE
8
GORUNEN
6
CONTINUOUS
10
181.4332
20
69.2657
11
181.8508
21
69.1018
0
LINE
8
GORUNEN
6
CONTINUOUS
10
181.8508
20
69.1018
11
182.2500
21
68.8971
0
LINE
8
GORUNEN
6
CONTINUOUS
10
182.2500
20
68.8971
11
182.6268
21
68.6537
0
LINE
8
GORUNEN
6
CONTINUOUS
10
182.6268
20
68.6537
11
182.9776
21
68.3740
0
LINE
8
GORUNEN
6
CONTINUOUS
10
182.9776
20
68.3740
11
183.2987
21
68.0608
0
LINE
8
GORUNEN
6
CONTINUOUS
10
183.2987
20
68.0608
11
183.5871
21
67.7171
0
LINE
8
GORUNEN
6
CONTINUOUS
10
183.5871
20
67.7171
11
183.8398
21
67.3465
0
LINE
8
GORUNEN
6
CONTINUOUS
10
183.8398
20
67.3465
11
184.0544
21
66.9525
0
LINE
8
GORUNEN
6
CONTINUOUS
10
184.0544
20
66.9525
11
184.2286
21
66.5391
0
LINE
8
GORUNEN
6
CONTINUOUS
10
184.2286
20
66.5391
11
184.3608
21
66.1104
0
LINE
8
GORUNEN
6
CONTINUOUS
10
184.3608
20
66.1104
11
184.4497
21
65.6707
0
LINE
8
GORUNEN
6
CONTINUOUS
10
184.4497
20
65.6707
11
184.4944
21
65.2243
0
LINE
8
GORUNEN
6
CONTINUOUS
10
184.4944
20
65.2243
11
184.4944
21
64.7757
0
LINE
8
GORUNEN
6
CONTINUOUS
10
184.4944
20
64.7757
11
184.4497
21
64.3293
0
LINE
8
GORUNEN
6
CONTINUOUS
10
184.4497
20
64.3293
11
184.3608
21
63.8896
0
LINE
8
GORUNEN
6
CONTINUOUS
10
184.3608
20
63.8896
11
184.2286
21
63.4609
0
LINE
8
GORUNEN
6
CONTINUOUS
10
184.2286
20
63.4609
11
184.0544
21
63.0475
0
LINE
8
GORUNEN
6
CONTINUOUS
10
184.0544
20
63.0475
11
183.8398
21
62.6535
0
LINE
8
GORUNEN
6
CONTINUOUS
10
183.8398
20
62.6535
11
183.5871
21
62.2829
0
LINE
8
GORUNEN
6
CONTINUOUS
10
183.5871
20
62.2829
11
183.2987
21
61.9392
0
LINE
8
GORUNEN
6
CONTINUOUS
10
183.2987
20
61.9392
11
182.9776
21
61.6260
0
LINE
8
GORUNEN
6
CONTINUOUS
10
182.9776
20
61.6260
11
182.6268
21
61.3463
0
LINE
8
GORUNEN
6
CONTINUOUS
10
182.6268
20
61.3463
11
182.2500
21
61.1029
0
LINE
8
GORUNEN
6
CONTINUOUS
10
182.2500
20
61.1029
11
181.8508
21
60.8982
0
LINE
8
GORUNEN
6
CONTINUOUS
10
181.8508
20
60.8982
11
181.4332
21
60.7343
0
LINE
8
GORUNEN
6
CONTINUOUS
10
181.4332
20
60.7343
11
181.0013
21
60.6128
0
LINE
8
GORUNEN
6
CONTINUOUS
10
181.0013
20
60.6128
11
180.5595
21
60.5349
0
LINE
8
GORUNEN
6
CONTINUOUS
10
180.5595
20
60.5349
11
180.1122
21
60.5014
0
LINE
8
GORUNEN
6
CONTINUOUS
10
180.1122
20
60.5014
11
179.6637
21
60.5126
0
LINE
8
GORUNEN
6
CONTINUOUS
10
179.6637
20
60.5126
11
179.2186
21
60.5684
0
LINE
8
GORUNEN
6
CONTINUOUS
10
179.2186
20
60.5684
11
178.7812
21
60.6682
0
LINE
8
GORUNEN
6
CONTINUOUS
10
178.7812
20
60.6682
11
178.3560
21
60.8111
0
LINE
8
GORUNEN
6
CONTINUOUS
10
178.3560
20
60.8111
11
177.9471
21
60.9956
0
LINE
8
GORUNEN
6
CONTINUOUS
10
177.9471
20
60.9956
11
177.5585
21
61.2199
0
LINE
8
GORUNEN
6
CONTINUOUS
10
177.5585
20
61.2199
11
177.1943
21
61.4818
0
LINE
8
GORUNEN
6
CONTINUOUS
10
177.1943
20
61.4818
11
176.8579
21
61.7786
0
LINE
8
GORUNEN
6
CONTINUOUS
10
176.8579
20
61.7786
11
176.5528
21
62.1075
0
LINE
8
GORUNEN
6
CONTINUOUS
10
176.5528
20
62.1075
11
176.2819
21
62.4651
0
LINE
8
GORUNEN
6
CONTINUOUS
10
176.2819
20
62.4651
11
176.0480
21
62.8479
0
LINE
8
GORUNEN
6
CONTINUOUS
10
176.0480
20
62.8479
11
175.8534
21
63.2520
0
LINE
8
GORUNEN
6
CONTINUOUS
10
175.8534
20
63.2520
11
175.6999
21
63.6736
0
LINE
8
GORUNEN
6
CONTINUOUS
10
175.6999
20
63.6736
11
175.5892
21
64.1083
0
LINE
8
GORUNEN
6
CONTINUOUS
10
175.5892
20
64.1083
11
175.5224
21
64.5519
0
LINE
8
GORUNEN
6
CONTINUOUS
10
175.5224
20
64.5519
11
175.5000
21
65.0000
0
LINE
8
GORUNEN
6
CONTINUOUS
10
217.5000
20
65.0000
11
217.5224
21
65.4481
0
LINE
8
GORUNEN
6
CONTINUOUS
10
217.5224
20
65.4481
11
217.5892
21
65.8917
0
LINE
8
GORUNEN
6
CONTINUOUS
10
217.5892
20
65.8917
11
217.6999
21
66.3264
0
LINE
8
GORUNEN
6
CONTINUOUS
10
217.6999
20
66.3264
11
217.8534
21
66.7480
0
LINE
8
GORUNEN
6
CONTINUOUS
10
217.8534
20
66.7480
11
218.0480
21
67.1521
0
LINE
8
GORUNEN
6
CONTINUOUS
10
218.0480
20
67.1521
11
218.2819
21
67.5349
0
LINE
8
GORUNEN
6
CONTINUOUS
10
218.2819
20
67.5349
11
218.5528
21
67.8925
0
LINE
8
GORUNEN
6
CONTINUOUS
10
218.5528
20
67.8925
11
218.8579
21
68.2214
0
LINE
8
GORUNEN
6
CONTINUOUS
10
218.8579
20
68.2214
11
219.1943
21
68.5182
0
LINE
8
GORUNEN
6
CONTINUOUS
10
219.1943
20
68.5182
11
219.5585
21
68.7801
0
LINE
8
GORUNEN
6
CONTINUOUS
10
219.5585
20
68.7801
11
219.9471
21
69.0044
0
LINE
8
GORUNEN
6
CONTINUOUS
10
219.9471
20
69.0044
11
220.3560
21
69.1889
0
LINE
8
GORUNEN
6
CONTINUOUS
10
220.3560
20
69.1889
11
220.7812
21
69.3318
0
LINE
8
GORUNEN
6
CONTINUOUS
10
220.7812
20
69.3318
11
221.2186
21
69.4316
0
LINE
8
GORUNEN
6
CONTINUOUS
10
221.2186
20
69.4316
11
221.6637
21
69.4874
0
LINE
8
GORUNEN
6
CONTINUOUS
10
221.6637
20
69.4874
11
222.1122
21
69.4986
0
LINE
8
GORUNEN
6
CONTINUOUS
10
222.1122
20
69.4986
11
222.5595
21
69.4651
0
LINE
8
GORUNEN
6
CONTINUOUS
10
222.5595
20
69.4651
11
223.0013
21
69.3872
0
LINE
8
GORUNEN
6
CONTINUOUS
10
223.0013
20
69.3872
11
223.4332
21
69.2657
0
LINE
8
GORUNEN
6
CONTINUOUS
10
223.4332
20
69.2657
11
223.8508
21
69.1018
0
LINE
8
GORUNEN
6
CONTINUOUS
10
223.8508
20
69.1018
11
224.2500
21
68.8971
0
LINE
8
GORUNEN
6
CONTINUOUS
10
224.2500
20
68.8971
11
224.6268
21
68.6537
0
LINE
8
GORUNEN
6
CONTINUOUS
10
224.6268
20
68.6537
11
224.9776
21
68.3740
0
LINE
8
GORUNEN
6
CONTINUOUS
10
224.9776
20
68.3740
11
225.2987
21
68.0608
0
LINE
8
GORUNEN
6
CONTINUOUS
10
225.2987
20
68.0608
11
225.5871
21
67.7171
0
LINE
8
GORUNEN
6
CONTINUOUS
10
225.5871
20
67.7171
11
225.8398
21
67.3465
0
LINE
8
GORUNEN
6
CONTINUOUS
10
225.8398
20
67.3465
11
226.0544
21
66.9525
0
LINE
8
GORUNEN
6
CONTINUOUS
10
226.0544
20
66.9525
11
226.2286
21
66.5391
0
LINE
8
GORUNEN
6
CONTINUOUS
10
226.2286
20
66.5391
11
226.3608
21
66.1104
0
LINE
8
GORUNEN
6
CONTINUOUS
10
226.3608
20
66.1104
11
226.4497
21
65.6707
0
LINE
8
GORUNEN
6
CONTINUOUS
10
226.4497
20
65.6707
11
226.4944
21
65.2243
0
LINE
8
GORUNEN
6
CONTINUOUS
10
226.4944
20
65.2243
11
226.4944
21
64.7757
0
LINE
8
GORUNEN
6
CONTINUOUS
10
226.4944
20
64.7757
11
226.4497
21
64.3293
0
LINE
8
GORUNEN
6
CONTINUOUS
10
226.4497
20
64.3293
11
226.3608
21
63.8896
0
LINE
8
GORUNEN
6
CONTINUOUS
10
226.3608
20
63.8896
11
226.2286
21
63.4609
0
LINE
8
GORUNEN
6
CONTINUOUS
10
226.2286
20
63.4609
11
226.0544
21
63.0475
0
LINE
8
GORUNEN
6
CONTINUOUS
10
226.0544
20
63.0475
11
225.8398
21
62.6535
0
LINE
8
GORUNEN
6
CONTINUOUS
10
225.8398
20
62.6535
11
225.5871
21
62.2829
0
LINE
8
GORUNEN
6
CONTINUOUS
10
225.5871
20
62.2829
11
225.2987
21
61.9392
0
LINE
8
GORUNEN
6
CONTINUOUS
10
225.2987
20
61.9392
11
224.9776
21
61.6260
0
LINE
8
GORUNEN
6
CONTINUOUS
10
224.9776
20
61.6260
11
224.6268
21
61.3463
0
LINE
8
GORUNEN
6
CONTINUOUS
10
224.6268
20
61.3463
11
224.2500
21
61.1029
0
LINE
8
GORUNEN
6
CONTINUOUS
10
224.2500
20
61.1029
11
223.8508
21
60.8982
0
LINE
8
GORUNEN
6
CONTINUOUS
10
223.8508
20
60.8982
11
223.4332
21
60.7343
0
LINE
8
GORUNEN
6
CONTINUOUS
10
223.4332
20
60.7343
11
223.0013
21
60.6128
0
LINE
8
GORUNEN
6
CONTINUOUS
10
223.0013
20
60.6128
11
222.5595
21
60.5349
0
LINE
8
GORUNEN
6
CONTINUOUS
10
222.5595
20
60.5349
11
222.1122
21
60.5014
0
LINE
8
GORUNEN
6
CONTINUOUS
10
222.1122
20
60.5014
11
221.6637
21
60.5126
0
LINE
8
GORUNEN
6
CONTINUOUS
10
221.6637
20
60.5126
11
221.2186
21
60.5684
0
LINE
8
GORUNEN
6
CONTINUOUS
10
221.2186
20
60.5684
11
220.7812
21
60.6682
0
LINE
8
GORUNEN
6
CONTINUOUS
10
220.7812
20
60.6682
11
220.3560
21
60.8111
0
LINE
8
GORUNEN
6
CONTINUOUS
10
220.3560
20
60.8111
11
219.9471
21
60.9956
0
LINE
8
GORUNEN
6
CONTINUOUS
10
219.9471
20
60.9956
11
219.5585
21
61.2199
0
LINE
8
GORUNEN
6
CONTINUOUS
10
219.5585
20
61.2199
11
219.1943
21
61.4818
0
LINE
8
GORUNEN
6
CONTINUOUS
10
219.1943
20
61.4818
11
218.8579
21
61.7786
0
LINE
8
GORUNEN
6
CONTINUOUS
10
218.8579
20
61.7786
11
218.5528
21
62.1075
0
LINE
8
GORUNEN
6
CONTINUOUS
10
218.5528
20
62.1075
11
218.2819
21
62.4651
0
LINE
8
GORUNEN
6
CONTINUOUS
10
218.2819
20
62.4651
11
218.0480
21
62.8479
0
LINE
8
GORUNEN
6
CONTINUOUS
10
218.0480
20
62.8479
11
217.8534
21
63.2520
0
LINE
8
GORUNEN
6
CONTINUOUS
10
217.8534
20
63.2520
11
217.6999
21
63.6736
0
LINE
8
GORUNEN
6
CONTINUOUS
10
217.6999
20
63.6736
11
217.5892
21
64.1083
0
LINE
8
GORUNEN
6
CONTINUOUS
10
217.5892
20
64.1083
11
217.5224
21
64.5519
0
LINE
8
GORUNEN
6
CONTINUOUS
10
217.5224
20
64.5519
11
217.5000
21
65.0000
0
LINE
8
GORUNEN
6
CONTINUOUS
10
175.5000
20
105.0000
11
175.5224
21
105.4481
0
LINE
8
GORUNEN
6
CONTINUOUS
10
175.5224
20
105.4481
11
175.5892
21
105.8917
0
LINE
8
GORUNEN
6
CONTINUOUS
10
175.5892
20
105.8917
11
175.6999
21
106.3264
0
LINE
8
GORUNEN
6
CONTINUOUS
10
175.6999
20
106.3264
11
175.8534
21
106.7480
0
LINE
8
GORUNEN
6
CONTINUOUS
10
175.8534
20
106.7480
11
176.0480
21
107.1521
0
LINE
8
GORUNEN
6
CONTINUOUS
10
176.0480
20
107.1521
11
176.2819
21
107.5349
0
LINE
8
GORUNEN
6
CONTINUOUS
10
176.2819
20
107.5349
11
176.5528
21
107.8925
0
LINE
8
GORUNEN
6
CONTINUOUS
10
176.5528
20
107.8925
11
176.8579
21
108.2214
0
LINE
8
GORUNEN
6
CONTINUOUS
10
176.8579
20
108.2214
11
177.1943
21
108.5182
0
LINE
8
GORUNEN
6
CONTINUOUS
10
177.1943
20
108.5182
11
177.5585
21
108.7801
0
LINE
8
GORUNEN
6
CONTINUOUS
10
177.5585
20
108.7801
11
177.9471
21
109.0044
0
LINE
8
GORUNEN
6
CONTINUOUS
10
177.9471
20
109.0044
11
178.3560
21
109.1889
0
LINE
8
GORUNEN
6
CONTINUOUS
10
178.3560
20
109.1889
11
178.7812
21
109.3318
0
LINE
8
GORUNEN
6
CONTINUOUS
10
178.7812
20
109.3318
11
179.2186
21
109.4316
0
LINE
8
GORUNEN
6
CONTINUOUS
10
179.2186
20
109.4316
11
179.6637
21
109.4874
0
LINE
8
GORUNEN
6
CONTINUOUS
10
179.6637
20
109.4874
11
180.1122
21
109.4986
0
LINE
8
GORUNEN
6
CONTINUOUS
10
180.1122
20
109.4986
11
180.5595
21
109.4651
0
LINE
8
GORUNEN
6
CONTINUOUS
10
180.5595
20
109.4651
11
181.0013
21
109.3872
0
LINE
8
GORUNEN
6
CONTINUOUS
10
181.0013
20
109.3872
11
181.4332
21
109.2657
0
LINE
8
GORUNEN
6
CONTINUOUS
10
181.4332
20
109.2657
11
181.8508
21
109.1018
0
LINE
8
GORUNEN
6
CONTINUOUS
10
181.8508
20
109.1018
11
182.2500
21
108.8971
0
LINE
8
GORUNEN
6
CONTINUOUS
10
182.2500
20
108.8971
11
182.6268
21
108.6537
0
LINE
8
GORUNEN
6
CONTINUOUS
10
182.6268
20
108.6537
11
182.9776
21
108.3740
0
LINE
8
GORUNEN
6
CONTINUOUS
10
182.9776
20
108.3740
11
183.2987
21
108.0608
0
LINE
8
GORUNEN
6
CONTINUOUS
10
183.2987
20
108.0608
11
183.5871
21
107.7171
0
LINE
8
GORUNEN
6
CONTINUOUS
10
183.5871
20
107.7171
11
183.8398
21
107.3465
0
LINE
8
GORUNEN
6
CONTINUOUS
10
183.8398
20
107.3465
11
184.0544
21
106.9525
0
LINE
8
GORUNEN
6
CONTINUOUS
10
184.0544
20
106.9525
11
184.2286
21
106.5391
0
LINE
8
GORUNEN
6
CONTINUOUS
10
184.2286
20
106.5391
11
184.3608
21
106.1104
0
LINE
8
GORUNEN
6
CONTINUOUS
10
184.3608
20
106.1104
11
184.4497
21
105.6707
0
LINE
8
GORUNEN
6
CONTINUOUS
10
184.4497
20
105.6707
11
184.4944
21
105.2243
0
LINE
8
GORUNEN
6
CONTINUOUS
10
184.4944
20
105.2243
11
184.4944
21
104.7757
0
LINE
8
GORUNEN
6
CONTINUOUS
10
184.4944
20
104.7757
11
184.4497
21
104.3293
0
LINE
8
GORUNEN
6
CONTINUOUS
10
184.4497
20
104.3293
11
184.3608
21
103.8896
0
LINE
8
GORUNEN
6
CONTINUOUS
10
184.3608
20
103.8896
11
184.2286
21
103.4609
0
LINE
8
GORUNEN
6
CONTINUOUS
10
184.2286
20
103.4609
11
184.0544
21
103.0475
0
LINE
8
GORUNEN
6
CONTINUOUS
10
184.0544
20
103.0475
11
183.8398
21
102.6535
0
LINE
8
GORUNEN
6
CONTINUOUS
10
183.8398
20
102.6535
11
183.5871
21
102.2829
0
LINE
8
GORUNEN
6
CONTINUOUS
10
183.5871
20
102.2829
11
183.2987
21
101.9392
0
LINE
8
GORUNEN
6
CONTINUOUS
10
183.2987
20
101.9392
11
182.9776
21
101.6260
0
LINE
8
GORUNEN
6
CONTINUOUS
10
182.9776
20
101.6260
11
182.6268
21
101.3463
0
LINE
8
GORUNEN
6
CONTINUOUS
10
182.6268
20
101.3463
11
182.2500
21
101.1029
0
LINE
8
GORUNEN
6
CONTINUOUS
10
182.2500
20
101.1029
11
181.8508
21
100.8982
0
LINE
8
GORUNEN
6
CONTINUOUS
10
181.8508
20
100.8982
11
181.4332
21
100.7343
0
LINE
8
GORUNEN
6
CONTINUOUS
10
181.4332
20
100.7343
11
181.0013
21
100.6128
0
LINE
8
GORUNEN
6
CONTINUOUS
10
181.0013
20
100.6128
11
180.5595
21
100.5349
0
LINE
8
GORUNEN
6
CONTINUOUS
10
180.5595
20
100.5349
11
180.1122
21
100.5014
0
LINE
8
GORUNEN
6
CONTINUOUS
10
180.1122
20
100.5014
11
179.6637
21
100.5126
0
LINE
8
GORUNEN
6
CONTINUOUS
10
179.6637
20
100.5126
11
179.2186
21
100.5684
0
LINE
8
GORUNEN
6
CONTINUOUS
10
179.2186
20
100.5684
11
178.7812
21
100.6682
0
LINE
8
GORUNEN
6
CONTINUOUS
10
178.7812
20
100.6682
11
178.3560
21
100.8111
0
LINE
8
GORUNEN
6
CONTINUOUS
10
178.3560
20
100.8111
11
177.9471
21
100.9956
0
LINE
8
GORUNEN
6
CONTINUOUS
10
177.9471
20
100.9956
11
177.5585
21
101.2199
0
LINE
8
GORUNEN
6
CONTINUOUS
10
177.5585
20
101.2199
11
177.1943
21
101.4818
0
LINE
8
GORUNEN
6
CONTINUOUS
10
177.1943
20
101.4818
11
176.8579
21
101.7786
0
LINE
8
GORUNEN
6
CONTINUOUS
10
176.8579
20
101.7786
11
176.5528
21
102.1075
0
LINE
8
GORUNEN
6
CONTINUOUS
10
176.5528
20
102.1075
11
176.2819
21
102.4651
0
LINE
8
GORUNEN
6
CONTINUOUS
10
176.2819
20
102.4651
11
176.0480
21
102.8479
0
LINE
8
GORUNEN
6
CONTINUOUS
10
176.0480
20
102.8479
11
175.8534
21
103.2520
0
LINE
8
GORUNEN
6
CONTINUOUS
10
175.8534
20
103.2520
11
175.6999
21
103.6736
0
LINE
8
GORUNEN
6
CONTINUOUS
10
175.6999
20
103.6736
11
175.5892
21
104.1083
0
LINE
8
GORUNEN
6
CONTINUOUS
10
175.5892
20
104.1083
11
175.5224
21
104.5519
0
LINE
8
GORUNEN
6
CONTINUOUS
10
175.5224
20
104.5519
11
175.5000
21
105.0000
0
LINE
8
GORUNEN
6
CONTINUOUS
10
217.5000
20
105.0000
11
217.5224
21
105.4481
0
LINE
8
GORUNEN
6
CONTINUOUS
10
217.5224
20
105.4481
11
217.5892
21
105.8917
0
LINE
8
GORUNEN
6
CONTINUOUS
10
217.5892
20
105.8917
11
217.6999
21
106.3264
0
LINE
8
GORUNEN
6
CONTINUOUS
10
217.6999
20
106.3264
11
217.8534
21
106.7480
0
LINE
8
GORUNEN
6
CONTINUOUS
10
217.8534
20
106.7480
11
218.0480
21
107.1521
0
LINE
8
GORUNEN
6
CONTINUOUS
10
218.0480
20
107.1521
11
218.2819
21
107.5349
0
LINE
8
GORUNEN
6
CONTINUOUS
10
218.2819
20
107.5349
11
218.5528
21
107.8925
0
LINE
8
GORUNEN
6
CONTINUOUS
10
218.5528
20
107.8925
11
218.8579
21
108.2214
0
LINE
8
GORUNEN
6
CONTINUOUS
10
218.8579
20
108.2214
11
219.1943
21
108.5182
0
LINE
8
GORUNEN
6
CONTINUOUS
10
219.1943
20
108.5182
11
219.5585
21
108.7801
0
LINE
8
GORUNEN
6
CONTINUOUS
10
219.5585
20
108.7801
11
219.9471
21
109.0044
0
LINE
8
GORUNEN
6
CONTINUOUS
10
219.9471
20
109.0044
11
220.3560
21
109.1889
0
LINE
8
GORUNEN
6
CONTINUOUS
10
220.3560
20
109.1889
11
220.7812
21
109.3318
0
LINE
8
GORUNEN
6
CONTINUOUS
10
220.7812
20
109.3318
11
221.2186
21
109.4316
0
LINE
8
GORUNEN
6
CONTINUOUS
10
221.2186
20
109.4316
11
221.6637
21
109.4874
0
LINE
8
GORUNEN
6
CONTINUOUS
10
221.6637
20
109.4874
11
222.1122
21
109.4986
0
LINE
8
GORUNEN
6
CONTINUOUS
10
222.1122
20
109.4986
11
222.5595
21
109.4651
0
LINE
8
GORUNEN
6
CONTINUOUS
10
222.5595
20
109.4651
11
223.0013
21
109.3872
0
LINE
8
GORUNEN
6
CONTINUOUS
10
223.0013
20
109.3872
11
223.4332
21
109.2657
0
LINE
8
GORUNEN
6
CONTINUOUS
10
223.4332
20
109.2657
11
223.8508
21
109.1018
0
LINE
8
GORUNEN
6
CONTINUOUS
10
223.8508
20
109.1018
11
224.2500
21
108.8971
0
LINE
8
GORUNEN
6
CONTINUOUS
10
224.2500
20
108.8971
11
224.6268
21
108.6537
0
LINE
8
GORUNEN
6
CONTINUOUS
10
224.6268
20
108.6537
11
224.9776
21
108.3740
0
LINE
8
GORUNEN
6
CONTINUOUS
10
224.9776
20
108.3740
11
225.2987
21
108.0608
0
LINE
8
GORUNEN
6
CONTINUOUS
10
225.2987
20
108.0608
11
225.5871
21
107.7171
0
LINE
8
GORUNEN
6
CONTINUOUS
10
225.5871
20
107.7171
11
225.8398
21
107.3465
0
LINE
8
GORUNEN
6
CONTINUOUS
10
225.8398
20
107.3465
11
226.0544
21
106.9525
0
LINE
8
GORUNEN
6
CONTINUOUS
10
226.0544
20
106.9525
11
226.2286
21
106.5391
0
LINE
8
GORUNEN
6
CONTINUOUS
10
226.2286
20
106.5391
11
226.3608
21
106.1104
0
LINE
8
GORUNEN
6
CONTINUOUS
10
226.3608
20
106.1104
11
226.4497
21
105.6707
0
LINE
8
GORUNEN
6
CONTINUOUS
10
226.4497
20
105.6707
11
226.4944
21
105.2243
0
LINE
8
GORUNEN
6
CONTINUOUS
10
226.4944
20
105.2243
11
226.4944
21
104.7757
0
LINE
8
GORUNEN
6
CONTINUOUS
10
226.4944
20
104.7757
11
226.4497
21
104.3293
0
LINE
8
GORUNEN
6
CONTINUOUS
10
226.4497
20
104.3293
11
226.3608
21
103.8896
0
LINE
8
GORUNEN
6
CONTINUOUS
10
226.3608
20
103.8896
11
226.2286
21
103.4609
0
LINE
8
GORUNEN
6
CONTINUOUS
10
226.2286
20
103.4609
11
226.0544
21
103.0475
0
LINE
8
GORUNEN
6
CONTINUOUS
10
226.0544
20
103.0475
11
225.8398
21
102.6535
0
LINE
8
GORUNEN
6
CONTINUOUS
10
225.8398
20
102.6535
11
225.5871
21
102.2829
0
LINE
8
GORUNEN
6
CONTINUOUS
10
225.5871
20
102.2829
11
225.2987
21
101.9392
0
LINE
8
GORUNEN
6
CONTINUOUS
10
225.2987
20
101.9392
11
224.9776
21
101.6260
0
LINE
8
GORUNEN
6
CONTINUOUS
10
224.9776
20
101.6260
11
224.6268
21
101.3463
0
LINE
8
GORUNEN
6
CONTINUOUS
10
224.6268
20
101.3463
11
224.2500
21
101.1029
0
LINE
8
GORUNEN
6
CONTINUOUS
10
224.2500
20
101.1029
11
223.8508
21
100.8982
0
LINE
8
GORUNEN
6
CONTINUOUS
10
223.8508
20
100.8982
11
223.4332
21
100.7343
0
LINE
8
GORUNEN
6
CONTINUOUS
10
223.4332
20
100.7343
11
223.0013
21
100.6128
0
LINE
8
GORUNEN
6
CONTINUOUS
10
223.0013
20
100.6128
11
222.5595
21
100.5349
0
LINE
8
GORUNEN
6
CONTINUOUS
10
222.5595
20
100.5349
11
222.1122
21
100.5014
0
LINE
8
GORUNEN
6
CONTINUOUS
10
222.1122
20
100.5014
11
221.6637
21
100.5126
0
LINE
8
GORUNEN
6
CONTINUOUS
10
221.6637
20
100.5126
11
221.2186
21
100.5684
0
LINE
8
GORUNEN
6
CONTINUOUS
10
221.2186
20
100.5684
11
220.7812
21
100.6682
0
LINE
8
GORUNEN
6
CONTINUOUS
10
220.7812
20
100.6682
11
220.3560
21
100.8111
0
LINE
8
GORUNEN
6
CONTINUOUS
10
220.3560
20
100.8111
11
219.9471
21
100.9956
0
LINE
8
GORUNEN
6
CONTINUOUS
10
219.9471
20
100.9956
11
219.5585
21
101.2199
0
LINE
8
GORUNEN
6
CONTINUOUS
10
219.5585
20
101.2199
11
219.1943
21
101.4818
0
LINE
8
GORUNEN
6
CONTINUOUS
10
219.1943
20
101.4818
11
218.8579
21
101.7786
0
LINE
8
GORUNEN
6
CONTINUOUS
10
218.8579
20
101.7786
11
218.5528
21
102.1075
0
LINE
8
GORUNEN
6
CONTINUOUS
10
218.5528
20
102.1075
11
218.2819
21
102.4651
0
LINE
8
GORUNEN
6
CONTINUOUS
10
218.2819
20
102.4651
11
218.0480
21
102.8479
0
LINE
8
GORUNEN
6
CONTINUOUS
10
218.0480
20
102.8479
11
217.8534
21
103.2520
0
LINE
8
GORUNEN
6
CONTINUOUS
10
217.8534
20
103.2520
11
217.6999
21
103.6736
0
LINE
8
GORUNEN
6
CONTINUOUS
10
217.6999
20
103.6736
11
217.5892
21
104.1083
0
LINE
8
GORUNEN
6
CONTINUOUS
10
217.5892
20
104.1083
11
217.5224
21
104.5519
0
LINE
8
GORUNEN
6
CONTINUOUS
10
217.5224
20
104.5519
11
217.5000
21
105.0000
0
LINE
8
GORUNEN
6
CONTINUOUS
10
130.0000
20
115.0000
11
130.0000
21
55.0000
0
LINE
8
GORUNEN
6
CONTINUOUS
10
240.0000
20
115.0000
11
240.0000
21
55.0000
0
LINE
8
GORUNEN
6
CONTINUOUS
10
182.0000
20
89.0000
11
182.0000
21
81.0000
0
LINE
8
GORUNEN
6
CONTINUOUS
10
140.0000
20
115.0000
11
140.0000
21
55.0000
0
LINE
8
GORUNEN
6
CONTINUOUS
10
182.0000
20
89.0000
11
140.0000
21
89.0000
0
LINE
8
GORUNEN
6
CONTINUOUS
10
182.0000
20
81.0000
11
140.0000
21
81.0000
0
LINE
8
INCE
6
CONTINUOUS
10
132.0000
20
115.0000
11
132.0000
21
55.0000
0
LINE
8
INCE
6
CONTINUOUS
10
238.0000
20
115.0000
11
238.0000
21
55.0000
0
LINE
8
INCE
6
CONTINUOUS
10
138.0000
20
115.0000
11
138.0000
21
55.0000
0
LINE
8
INCE
6
CONTINUOUS
10
142.0000
20
115.0000
11
142.0000
21
89.0000
0
LINE
8
INCE
6
CONTINUOUS
10
142.0000
20
81.0000
11
142.0000
21
55.0000
0
LINE
8
GIZLI
6
HIDDEN
10
132.0000
20
115.0000
11
238.0000
21
115.0000
0
LINE
8
GIZLI
6
HIDDEN
10
132.0000
20
55.0000
11
238.0000
21
55.0000
0
LINE
8
GIZLI
6
HIDDEN
10
175.5000
20
65.0000
11
175.5224
21
65.4481
0
LINE
8
GIZLI
6
HIDDEN
10
175.5224
20
65.4481
11
175.5892
21
65.8917
0
LINE
8
GIZLI
6
HIDDEN
10
175.5892
20
65.8917
11
175.6999
21
66.3264
0
LINE
8
GIZLI
6
HIDDEN
10
175.6999
20
66.3264
11
175.8534
21
66.7480
0
LINE
8
GIZLI
6
HIDDEN
10
175.8534
20
66.7480
11
176.0480
21
67.1521
0
LINE
8
GIZLI
6
HIDDEN
10
176.0480
20
67.1521
11
176.2819
21
67.5349
0
LINE
8
GIZLI
6
HIDDEN
10
176.2819
20
67.5349
11
176.5528
21
67.8925
0
LINE
8
GIZLI
6
HIDDEN
10
176.5528
20
67.8925
11
176.8579
21
68.2214
0
LINE
8
GIZLI
6
HIDDEN
10
176.8579
20
68.2214
11
177.1943
21
68.5182
0
LINE
8
GIZLI
6
HIDDEN
10
177.1943
20
68.5182
11
177.5585
21
68.7801
0
LINE
8
GIZLI
6
HIDDEN
10
177.5585
20
68.7801
11
177.9471
21
69.0044
0
LINE
8
GIZLI
6
HIDDEN
10
177.9471
20
69.0044
11
178.3560
21
69.1889
0
LINE
8
GIZLI
6
HIDDEN
10
178.3560
20
69.1889
11
178.7812
21
69.3318
0
LINE
8
GIZLI
6
HIDDEN
10
178.7812
20
69.3318
11
179.2186
21
69.4316
0
LINE
8
GIZLI
6
HIDDEN
10
179.2186
20
69.4316
11
179.6637
21
69.4874
0
LINE
8
GIZLI
6
HIDDEN
10
179.6637
20
69.4874
11
180.1122
21
69.4986
0
LINE
8
GIZLI
6
HIDDEN
10
180.1122
20
69.4986
11
180.5595
21
69.4651
0
LINE
8
GIZLI
6
HIDDEN
10
180.5595
20
69.4651
11
181.0013
21
69.3872
0
LINE
8
GIZLI
6
HIDDEN
10
181.0013
20
69.3872
11
181.4332
21
69.2657
0
LINE
8
GIZLI
6
HIDDEN
10
181.4332
20
69.2657
11
181.8508
21
69.1018
0
LINE
8
GIZLI
6
HIDDEN
10
181.8508
20
69.1018
11
182.2500
21
68.8971
0
LINE
8
GIZLI
6
HIDDEN
10
182.2500
20
68.8971
11
182.6268
21
68.6537
0
LINE
8
GIZLI
6
HIDDEN
10
182.6268
20
68.6537
11
182.9776
21
68.3740
0
LINE
8
GIZLI
6
HIDDEN
10
182.9776
20
68.3740
11
183.2987
21
68.0608
0
LINE
8
GIZLI
6
HIDDEN
10
183.2987
20
68.0608
11
183.5871
21
67.7171
0
LINE
8
GIZLI
6
HIDDEN
10
183.5871
20
67.7171
11
183.8398
21
67.3465
0
LINE
8
GIZLI
6
HIDDEN
10
183.8398
20
67.3465
11
184.0544
21
66.9525
0
LINE
8
GIZLI
6
HIDDEN
10
184.0544
20
66.9525
11
184.2286
21
66.5391
0
LINE
8
GIZLI
6
HIDDEN
10
184.2286
20
66.5391
11
184.3608
21
66.1104
0
LINE
8
GIZLI
6
HIDDEN
10
184.3608
20
66.1104
11
184.4497
21
65.6707
0
LINE
8
GIZLI
6
HIDDEN
10
184.4497
20
65.6707
11
184.4944
21
65.2243
0
LINE
8
GIZLI
6
HIDDEN
10
184.4944
20
65.2243
11
184.4944
21
64.7757
0
LINE
8
GIZLI
6
HIDDEN
10
184.4944
20
64.7757
11
184.4497
21
64.3293
0
LINE
8
GIZLI
6
HIDDEN
10
184.4497
20
64.3293
11
184.3608
21
63.8896
0
LINE
8
GIZLI
6
HIDDEN
10
184.3608
20
63.8896
11
184.2286
21
63.4609
0
LINE
8
GIZLI
6
HIDDEN
10
184.2286
20
63.4609
11
184.0544
21
63.0475
0
LINE
8
GIZLI
6
HIDDEN
10
184.0544
20
63.0475
11
183.8398
21
62.6535
0
LINE
8
GIZLI
6
HIDDEN
10
183.8398
20
62.6535
11
183.5871
21
62.2829
0
LINE
8
GIZLI
6
HIDDEN
10
183.5871
20
62.2829
11
183.2987
21
61.9392
0
LINE
8
GIZLI
6
HIDDEN
10
183.2987
20
61.9392
11
182.9776
21
61.6260
0
LINE
8
GIZLI
6
HIDDEN
10
182.9776
20
61.6260
11
182.6268
21
61.3463
0
LINE
8
GIZLI
6
HIDDEN
10
182.6268
20
61.3463
11
182.2500
21
61.1029
0
LINE
8
GIZLI
6
HIDDEN
10
182.2500
20
61.1029
11
181.8508
21
60.8982
0
LINE
8
GIZLI
6
HIDDEN
10
181.8508
20
60.8982
11
181.4332
21
60.7343
0
LINE
8
GIZLI
6
HIDDEN
10
181.4332
20
60.7343
11
181.0013
21
60.6128
0
LINE
8
GIZLI
6
HIDDEN
10
181.0013
20
60.6128
11
180.5595
21
60.5349
0
LINE
8
GIZLI
6
HIDDEN
10
180.5595
20
60.5349
11
180.1122
21
60.5014
0
LINE
8
GIZLI
6
HIDDEN
10
180.1122
20
60.5014
11
179.6637
21
60.5126
0
LINE
8
GIZLI
6
HIDDEN
10
179.6637
20
60.5126
11
179.2186
21
60.5684
0
LINE
8
GIZLI
6
HIDDEN
10
179.2186
20
60.5684
11
178.7812
21
60.6682
0
LINE
8
GIZLI
6
HIDDEN
10
178.7812
20
60.6682
11
178.3560
21
60.8111
0
LINE
8
GIZLI
6
HIDDEN
10
178.3560
20
60.8111
11
177.9471
21
60.9956
0
LINE
8
GIZLI
6
HIDDEN
10
177.9471
20
60.9956
11
177.5585
21
61.2199
0
LINE
8
GIZLI
6
HIDDEN
10
177.5585
20
61.2199
11
177.1943
21
61.4818
0
LINE
8
GIZLI
6
HIDDEN
10
177.1943
20
61.4818
11
176.8579
21
61.7786
0
LINE
8
GIZLI
6
HIDDEN
10
176.8579
20
61.7786
11
176.5528
21
62.1075
0
LINE
8
GIZLI
6
HIDDEN
10
176.5528
20
62.1075
11
176.2819
21
62.4651
0
LINE
8
GIZLI
6
HIDDEN
10
176.2819
20
62.4651
11
176.0480
21
62.8479
0
LINE
8
GIZLI
6
HIDDEN
10
176.0480
20
62.8479
11
175.8534
21
63.2520
0
LINE
8
GIZLI
6
HIDDEN
10
175.8534
20
63.2520
11
175.6999
21
63.6736
0
LINE
8
GIZLI
6
HIDDEN
10
175.6999
20
63.6736
11
175.5892
21
64.1083
0
LINE
8
GIZLI
6
HIDDEN
10
175.5892
20
64.1083
11
175.5224
21
64.5519
0
LINE
8
GIZLI
6
HIDDEN
10
175.5224
20
64.5519
11
175.5000
21
65.0000
0
LINE
8
GIZLI
6
HIDDEN
10
217.5000
20
65.0000
11
217.5224
21
65.4481
0
LINE
8
GIZLI
6
HIDDEN
10
217.5224
20
65.4481
11
217.5892
21
65.8917
0
LINE
8
GIZLI
6
HIDDEN
10
217.5892
20
65.8917
11
217.6999
21
66.3264
0
LINE
8
GIZLI
6
HIDDEN
10
217.6999
20
66.3264
11
217.8534
21
66.7480
0
LINE
8
GIZLI
6
HIDDEN
10
217.8534
20
66.7480
11
218.0480
21
67.1521
0
LINE
8
GIZLI
6
HIDDEN
10
218.0480
20
67.1521
11
218.2819
21
67.5349
0
LINE
8
GIZLI
6
HIDDEN
10
218.2819
20
67.5349
11
218.5528
21
67.8925
0
LINE
8
GIZLI
6
HIDDEN
10
218.5528
20
67.8925
11
218.8579
21
68.2214
0
LINE
8
GIZLI
6
HIDDEN
10
218.8579
20
68.2214
11
219.1943
21
68.5182
0
LINE
8
GIZLI
6
HIDDEN
10
219.1943
20
68.5182
11
219.5585
21
68.7801
0
LINE
8
GIZLI
6
HIDDEN
10
219.5585
20
68.7801
11
219.9471
21
69.0044
0
LINE
8
GIZLI
6
HIDDEN
10
219.9471
20
69.0044
11
220.3560
21
69.1889
0
LINE
8
GIZLI
6
HIDDEN
10
220.3560
20
69.1889
11
220.7812
21
69.3318
0
LINE
8
GIZLI
6
HIDDEN
10
220.7812
20
69.3318
11
221.2186
21
69.4316
0
LINE
8
GIZLI
6
HIDDEN
10
221.2186
20
69.4316
11
221.6637
21
69.4874
0
LINE
8
GIZLI
6
HIDDEN
10
221.6637
20
69.4874
11
222.1122
21
69.4986
0
LINE
8
GIZLI
6
HIDDEN
10
222.1122
20
69.4986
11
222.5595
21
69.4651
0
LINE
8
GIZLI
6
HIDDEN
10
222.5595
20
69.4651
11
223.0013
21
69.3872
0
LINE
8
GIZLI
6
HIDDEN
10
223.0013
20
69.3872
11
223.4332
21
69.2657
0
LINE
8
GIZLI
6
HIDDEN
10
223.4332
20
69.2657
11
223.8508
21
69.1018
0
LINE
8
GIZLI
6
HIDDEN
10
223.8508
20
69.1018
11
224.2500
21
68.8971
0
LINE
8
GIZLI
6
HIDDEN
10
224.2500
20
68.8971
11
224.6268
21
68.6537
0
LINE
8
GIZLI
6
HIDDEN
10
224.6268
20
68.6537
11
224.9776
21
68.3740
0
LINE
8
GIZLI
6
HIDDEN
10
224.9776
20
68.3740
11
225.2987
21
68.0608
0
LINE
8
GIZLI
6
HIDDEN
10
225.2987
20
68.0608
11
225.5871
21
67.7171
0
LINE
8
GIZLI
6
HIDDEN
10
225.5871
20
67.7171
11
225.8398
21
67.3465
0
LINE
8
GIZLI
6
HIDDEN
10
225.8398
20
67.3465
11
226.0544
21
66.9525
0
LINE
8
GIZLI
6
HIDDEN
10
226.0544
20
66.9525
11
226.2286
21
66.5391
0
LINE
8
GIZLI
6
HIDDEN
10
226.2286
20
66.5391
11
226.3608
21
66.1104
0
LINE
8
GIZLI
6
HIDDEN
10
226.3608
20
66.1104
11
226.4497
21
65.6707
0
LINE
8
GIZLI
6
HIDDEN
10
226.4497
20
65.6707
11
226.4944
21
65.2243
0
LINE
8
GIZLI
6
HIDDEN
10
226.4944
20
65.2243
11
226.4944
21
64.7757
0
LINE
8
GIZLI
6
HIDDEN
10
226.4944
20
64.7757
11
226.4497
21
64.3293
0
LINE
8
GIZLI
6
HIDDEN
10
226.4497
20
64.3293
11
226.3608
21
63.8896
0
LINE
8
GIZLI
6
HIDDEN
10
226.3608
20
63.8896
11
226.2286
21
63.4609
0
LINE
8
GIZLI
6
HIDDEN
10
226.2286
20
63.4609
11
226.0544
21
63.0475
0
LINE
8
GIZLI
6
HIDDEN
10
226.0544
20
63.0475
11
225.8398
21
62.6535
0
LINE
8
GIZLI
6
HIDDEN
10
225.8398
20
62.6535
11
225.5871
21
62.2829
0
LINE
8
GIZLI
6
HIDDEN
10
225.5871
20
62.2829
11
225.2987
21
61.9392
0
LINE
8
GIZLI
6
HIDDEN
10
225.2987
20
61.9392
11
224.9776
21
61.6260
0
LINE
8
GIZLI
6
HIDDEN
10
224.9776
20
61.6260
11
224.6268
21
61.3463
0
LINE
8
GIZLI
6
HIDDEN
10
224.6268
20
61.3463
11
224.2500
21
61.1029
0
LINE
8
GIZLI
6
HIDDEN
10
224.2500
20
61.1029
11
223.8508
21
60.8982
0
LINE
8
GIZLI
6
HIDDEN
10
223.8508
20
60.8982
11
223.4332
21
60.7343
0
LINE
8
GIZLI
6
HIDDEN
10
223.4332
20
60.7343
11
223.0013
21
60.6128
0
LINE
8
GIZLI
6
HIDDEN
10
223.0013
20
60.6128
11
222.5595
21
60.5349
0
LINE
8
GIZLI
6
HIDDEN
10
222.5595
20
60.5349
11
222.1122
21
60.5014
0
LINE
8
GIZLI
6
HIDDEN
10
222.1122
20
60.5014
11
221.6637
21
60.5126
0
LINE
8
GIZLI
6
HIDDEN
10
221.6637
20
60.5126
11
221.2186
21
60.5684
0
LINE
8
GIZLI
6
HIDDEN
10
221.2186
20
60.5684
11
220.7812
21
60.6682
0
LINE
8
GIZLI
6
HIDDEN
10
220.7812
20
60.6682
11
220.3560
21
60.8111
0
LINE
8
GIZLI
6
HIDDEN
10
220.3560
20
60.8111
11
219.9471
21
60.9956
0
LINE
8
GIZLI
6
HIDDEN
10
219.9471
20
60.9956
11
219.5585
21
61.2199
0
LINE
8
GIZLI
6
HIDDEN
10
219.5585
20
61.2199
11
219.1943
21
61.4818
0
LINE
8
GIZLI
6
HIDDEN
10
219.1943
20
61.4818
11
218.8579
21
61.7786
0
LINE
8
GIZLI
6
HIDDEN
10
218.8579
20
61.7786
11
218.5528
21
62.1075
0
LINE
8
GIZLI
6
HIDDEN
10
218.5528
20
62.1075
11
218.2819
21
62.4651
0
LINE
8
GIZLI
6
HIDDEN
10
218.2819
20
62.4651
11
218.0480
21
62.8479
0
LINE
8
GIZLI
6
HIDDEN
10
218.0480
20
62.8479
11
217.8534
21
63.2520
0
LINE
8
GIZLI
6
HIDDEN
10
217.8534
20
63.2520
11
217.6999
21
63.6736
0
LINE
8
GIZLI
6
HIDDEN
10
217.6999
20
63.6736
11
217.5892
21
64.1083
0
LINE
8
GIZLI
6
HIDDEN
10
217.5892
20
64.1083
11
217.5224
21
64.5519
0
LINE
8
GIZLI
6
HIDDEN
10
217.5224
20
64.5519
11
217.5000
21
65.0000
0
LINE
8
GIZLI
6
HIDDEN
10
175.5000
20
105.0000
11
175.5224
21
105.4481
0
LINE
8
GIZLI
6
HIDDEN
10
175.5224
20
105.4481
11
175.5892
21
105.8917
0
LINE
8
GIZLI
6
HIDDEN
10
175.5892
20
105.8917
11
175.6999
21
106.3264
0
LINE
8
GIZLI
6
HIDDEN
10
175.6999
20
106.3264
11
175.8534
21
106.7480
0
LINE
8
GIZLI
6
HIDDEN
10
175.8534
20
106.7480
11
176.0480
21
107.1521
0
LINE
8
GIZLI
6
HIDDEN
10
176.0480
20
107.1521
11
176.2819
21
107.5349
0
LINE
8
GIZLI
6
HIDDEN
10
176.2819
20
107.5349
11
176.5528
21
107.8925
0
LINE
8
GIZLI
6
HIDDEN
10
176.5528
20
107.8925
11
176.8579
21
108.2214
0
LINE
8
GIZLI
6
HIDDEN
10
176.8579
20
108.2214
11
177.1943
21
108.5182
0
LINE
8
GIZLI
6
HIDDEN
10
177.1943
20
108.5182
11
177.5585
21
108.7801
0
LINE
8
GIZLI
6
HIDDEN
10
177.5585
20
108.7801
11
177.9471
21
109.0044
0
LINE
8
GIZLI
6
HIDDEN
10
177.9471
20
109.0044
11
178.3560
21
109.1889
0
LINE
8
GIZLI
6
HIDDEN
10
178.3560
20
109.1889
11
178.7812
21
109.3318
0
LINE
8
GIZLI
6
HIDDEN
10
178.7812
20
109.3318
11
179.2186
21
109.4316
0
LINE
8
GIZLI
6
HIDDEN
10
179.2186
20
109.4316
11
179.6637
21
109.4874
0
LINE
8
GIZLI
6
HIDDEN
10
179.6637
20
109.4874
11
180.1122
21
109.4986
0
LINE
8
GIZLI
6
HIDDEN
10
180.1122
20
109.4986
11
180.5595
21
109.4651
0
LINE
8
GIZLI
6
HIDDEN
10
180.5595
20
109.4651
11
181.0013
21
109.3872
0
LINE
8
GIZLI
6
HIDDEN
10
181.0013
20
109.3872
11
181.4332
21
109.2657
0
LINE
8
GIZLI
6
HIDDEN
10
181.4332
20
109.2657
11
181.8508
21
109.1018
0
LINE
8
GIZLI
6
HIDDEN
10
181.8508
20
109.1018
11
182.2500
21
108.8971
0
LINE
8
GIZLI
6
HIDDEN
10
182.2500
20
108.8971
11
182.6268
21
108.6537
0
LINE
8
GIZLI
6
HIDDEN
10
182.6268
20
108.6537
11
182.9776
21
108.3740
0
LINE
8
GIZLI
6
HIDDEN
10
182.9776
20
108.3740
11
183.2987
21
108.0608
0
LINE
8
GIZLI
6
HIDDEN
10
183.2987
20
108.0608
11
183.5871
21
107.7171
0
LINE
8
GIZLI
6
HIDDEN
10
183.5871
20
107.7171
11
183.8398
21
107.3465
0
LINE
8
GIZLI
6
HIDDEN
10
183.8398
20
107.3465
11
184.0544
21
106.9525
0
LINE
8
GIZLI
6
HIDDEN
10
184.0544
20
106.9525
11
184.2286
21
106.5391
0
LINE
8
GIZLI
6
HIDDEN
10
184.2286
20
106.5391
11
184.3608
21
106.1104
0
LINE
8
GIZLI
6
HIDDEN
10
184.3608
20
106.1104
11
184.4497
21
105.6707
0
LINE
8
GIZLI
6
HIDDEN
10
184.4497
20
105.6707
11
184.4944
21
105.2243
0
LINE
8
GIZLI
6
HIDDEN
10
184.4944
20
105.2243
11
184.4944
21
104.7757
0
LINE
8
GIZLI
6
HIDDEN
10
184.4944
20
104.7757
11
184.4497
21
104.3293
0
LINE
8
GIZLI
6
HIDDEN
10
184.4497
20
104.3293
11
184.3608
21
103.8896
0
LINE
8
GIZLI
6
HIDDEN
10
184.3608
20
103.8896
11
184.2286
21
103.4609
0
LINE
8
GIZLI
6
HIDDEN
10
184.2286
20
103.4609
11
184.0544
21
103.0475
0
LINE
8
GIZLI
6
HIDDEN
10
184.0544
20
103.0475
11
183.8398
21
102.6535
0
LINE
8
GIZLI
6
HIDDEN
10
183.8398
20
102.6535
11
183.5871
21
102.2829
0
LINE
8
GIZLI
6
HIDDEN
10
183.5871
20
102.2829
11
183.2987
21
101.9392
0
LINE
8
GIZLI
6
HIDDEN
10
183.2987
20
101.9392
11
182.9776
21
101.6260
0
LINE
8
GIZLI
6
HIDDEN
10
182.9776
20
101.6260
11
182.6268
21
101.3463
0
LINE
8
GIZLI
6
HIDDEN
10
182.6268
20
101.3463
11
182.2500
21
101.1029
0
LINE
8
GIZLI
6
HIDDEN
10
182.2500
20
101.1029
11
181.8508
21
100.8982
0
LINE
8
GIZLI
6
HIDDEN
10
181.8508
20
100.8982
11
181.4332
21
100.7343
0
LINE
8
GIZLI
6
HIDDEN
10
181.4332
20
100.7343
11
181.0013
21
100.6128
0
LINE
8
GIZLI
6
HIDDEN
10
181.0013
20
100.6128
11
180.5595
21
100.5349
0
LINE
8
GIZLI
6
HIDDEN
10
180.5595
20
100.5349
11
180.1122
21
100.5014
0
LINE
8
GIZLI
6
HIDDEN
10
180.1122
20
100.5014
11
179.6637
21
100.5126
0
LINE
8
GIZLI
6
HIDDEN
10
179.6637
20
100.5126
11
179.2186
21
100.5684
0
LINE
8
GIZLI
6
HIDDEN
10
179.2186
20
100.5684
11
178.7812
21
100.6682
0
LINE
8
GIZLI
6
HIDDEN
10
178.7812
20
100.6682
11
178.3560
21
100.8111
0
LINE
8
GIZLI
6
HIDDEN
10
178.3560
20
100.8111
11
177.9471
21
100.9956
0
LINE
8
GIZLI
6
HIDDEN
10
177.9471
20
100.9956
11
177.5585
21
101.2199
0
LINE
8
GIZLI
6
HIDDEN
10
177.5585
20
101.2199
11
177.1943
21
101.4818
0
LINE
8
GIZLI
6
HIDDEN
10
177.1943
20
101.4818
11
176.8579
21
101.7786
0
LINE
8
GIZLI
6
HIDDEN
10
176.8579
20
101.7786
11
176.5528
21
102.1075
0
LINE
8
GIZLI
6
HIDDEN
10
176.5528
20
102.1075
11
176.2819
21
102.4651
0
LINE
8
GIZLI
6
HIDDEN
10
176.2819
20
102.4651
11
176.0480
21
102.8479
0
LINE
8
GIZLI
6
HIDDEN
10
176.0480
20
102.8479
11
175.8534
21
103.2520
0
LINE
8
GIZLI
6
HIDDEN
10
175.8534
20
103.2520
11
175.6999
21
103.6736
0
LINE
8
GIZLI
6
HIDDEN
10
175.6999
20
103.6736
11
175.5892
21
104.1083
0
LINE
8
GIZLI
6
HIDDEN
10
175.5892
20
104.1083
11
175.5224
21
104.5519
0
LINE
8
GIZLI
6
HIDDEN
10
175.5224
20
104.5519
11
175.5000
21
105.0000
0
LINE
8
GIZLI
6
HIDDEN
10
217.5000
20
105.0000
11
217.5224
21
105.4481
0
LINE
8
GIZLI
6
HIDDEN
10
217.5224
20
105.4481
11
217.5892
21
105.8917
0
LINE
8
GIZLI
6
HIDDEN
10
217.5892
20
105.8917
11
217.6999
21
106.3264
0
LINE
8
GIZLI
6
HIDDEN
10
217.6999
20
106.3264
11
217.8534
21
106.7480
0
LINE
8
GIZLI
6
HIDDEN
10
217.8534
20
106.7480
11
218.0480
21
107.1521
0
LINE
8
GIZLI
6
HIDDEN
10
218.0480
20
107.1521
11
218.2819
21
107.5349
0
LINE
8
GIZLI
6
HIDDEN
10
218.2819
20
107.5349
11
218.5528
21
107.8925
0
LINE
8
GIZLI
6
HIDDEN
10
218.5528
20
107.8925
11
218.8579
21
108.2214
0
LINE
8
GIZLI
6
HIDDEN
10
218.8579
20
108.2214
11
219.1943
21
108.5182
0
LINE
8
GIZLI
6
HIDDEN
10
219.1943
20
108.5182
11
219.5585
21
108.7801
0
LINE
8
GIZLI
6
HIDDEN
10
219.5585
20
108.7801
11
219.9471
21
109.0044
0
LINE
8
GIZLI
6
HIDDEN
10
219.9471
20
109.0044
11
220.3560
21
109.1889
0
LINE
8
GIZLI
6
HIDDEN
10
220.3560
20
109.1889
11
220.7812
21
109.3318
0
LINE
8
GIZLI
6
HIDDEN
10
220.7812
20
109.3318
11
221.2186
21
109.4316
0
LINE
8
GIZLI
6
HIDDEN
10
221.2186
20
109.4316
11
221.6637
21
109.4874
0
LINE
8
GIZLI
6
HIDDEN
10
221.6637
20
109.4874
11
222.1122
21
109.4986
0
LINE
8
GIZLI
6
HIDDEN
10
222.1122
20
109.4986
11
222.5595
21
109.4651
0
LINE
8
GIZLI
6
HIDDEN
10
222.5595
20
109.4651
11
223.0013
21
109.3872
0
LINE
8
GIZLI
6
HIDDEN
10
223.0013
20
109.3872
11
223.4332
21
109.2657
0
LINE
8
GIZLI
6
HIDDEN
10
223.4332
20
109.2657
11
223.8508
21
109.1018
0
LINE
8
GIZLI
6
HIDDEN
10
223.8508
20
109.1018
11
224.2500
21
108.8971
0
LINE
8
GIZLI
6
HIDDEN
10
224.2500
20
108.8971
11
224.6268
21
108.6537
0
LINE
8
GIZLI
6
HIDDEN
10
224.6268
20
108.6537
11
224.9776
21
108.3740
0
LINE
8
GIZLI
6
HIDDEN
10
224.9776
20
108.3740
11
225.2987
21
108.0608
0
LINE
8
GIZLI
6
HIDDEN
10
225.2987
20
108.0608
11
225.5871
21
107.7171
0
LINE
8
GIZLI
6
HIDDEN
10
225.5871
20
107.7171
11
225.8398
21
107.3465
0
LINE
8
GIZLI
6
HIDDEN
10
225.8398
20
107.3465
11
226.0544
21
106.9525
0
LINE
8
GIZLI
6
HIDDEN
10
226.0544
20
106.9525
11
226.2286
21
106.5391
0
LINE
8
GIZLI
6
HIDDEN
10
226.2286
20
106.5391
11
226.3608
21
106.1104
0
LINE
8
GIZLI
6
HIDDEN
10
226.3608
20
106.1104
11
226.4497
21
105.6707
0
LINE
8
GIZLI
6
HIDDEN
10
226.4497
20
105.6707
11
226.4944
21
105.2243
0
LINE
8
GIZLI
6
HIDDEN
10
226.4944
20
105.2243
11
226.4944
21
104.7757
0
LINE
8
GIZLI
6
HIDDEN
10
226.4944
20
104.7757
11
226.4497
21
104.3293
0
LINE
8
GIZLI
6
HIDDEN
10
226.4497
20
104.3293
11
226.3608
21
103.8896
0
LINE
8
GIZLI
6
HIDDEN
10
226.3608
20
103.8896
11
226.2286
21
103.4609
0
LINE
8
GIZLI
6
HIDDEN
10
226.2286
20
103.4609
11
226.0544
21
103.0475
0
LINE
8
GIZLI
6
HIDDEN
10
226.0544
20
103.0475
11
225.8398
21
102.6535
0
LINE
8
GIZLI
6
HIDDEN
10
225.8398
20
102.6535
11
225.5871
21
102.2829
0
LINE
8
GIZLI
6
HIDDEN
10
225.5871
20
102.2829
11
225.2987
21
101.9392
0
LINE
8
GIZLI
6
HIDDEN
10
225.2987
20
101.9392
11
224.9776
21
101.6260
0
LINE
8
GIZLI
6
HIDDEN
10
224.9776
20
101.6260
11
224.6268
21
101.3463
0
LINE
8
GIZLI
6
HIDDEN
10
224.6268
20
101.3463
11
224.2500
21
101.1029
0
LINE
8
GIZLI
6
HIDDEN
10
224.2500
20
101.1029
11
223.8508
21
100.8982
0
LINE
8
GIZLI
6
HIDDEN
10
223.8508
20
100.8982
11
223.4332
21
100.7343
0
LINE
8
GIZLI
6
HIDDEN
10
223.4332
20
100.7343
11
223.0013
21
100.6128
0
LINE
8
GIZLI
6
HIDDEN
10
223.0013
20
100.6128
11
222.5595
21
100.5349
0
LINE
8
GIZLI
6
HIDDEN
10
222.5595
20
100.5349
11
222.1122
21
100.5014
0
LINE
8
GIZLI
6
HIDDEN
10
222.1122
20
100.5014
11
221.6637
21
100.5126
0
LINE
8
GIZLI
6
HIDDEN
10
221.6637
20
100.5126
11
221.2186
21
100.5684
0
LINE
8
GIZLI
6
HIDDEN
10
221.2186
20
100.5684
11
220.7812
21
100.6682
0
LINE
8
GIZLI
6
HIDDEN
10
220.7812
20
100.6682
11
220.3560
21
100.8111
0
LINE
8
GIZLI
6
HIDDEN
10
220.3560
20
100.8111
11
219.9471
21
100.9956
0
LINE
8
GIZLI
6
HIDDEN
10
219.9471
20
100.9956
11
219.5585
21
101.2199
0
LINE
8
GIZLI
6
HIDDEN
10
219.5585
20
101.2199
11
219.1943
21
101.4818
0
LINE
8
GIZLI
6
HIDDEN
10
219.1943
20
101.4818
11
218.8579
21
101.7786
0
LINE
8
GIZLI
6
HIDDEN
10
218.8579
20
101.7786
11
218.5528
21
102.1075
0
LINE
8
GIZLI
6
HIDDEN
10
218.5528
20
102.1075
11
218.2819
21
102.4651
0
LINE
8
GIZLI
6
HIDDEN
10
218.2819
20
102.4651
11
218.0480
21
102.8479
0
LINE
8
GIZLI
6
HIDDEN
10
218.0480
20
102.8479
11
217.8534
21
103.2520
0
LINE
8
GIZLI
6
HIDDEN
10
217.8534
20
103.2520
11
217.6999
21
103.6736
0
LINE
8
GIZLI
6
HIDDEN
10
217.6999
20
103.6736
11
217.5892
21
104.1083
0
LINE
8
GIZLI
6
HIDDEN
10
217.5892
20
104.1083
11
217.5224
21
104.5519
0
LINE
8
GIZLI
6
HIDDEN
10
217.5224
20
104.5519
11
217.5000
21
105.0000
0
LINE
8
GIZLI
6
HIDDEN
10
132.0000
20
115.0000
11
130.0000
21
115.0000
0
LINE
8
GIZLI
6
HIDDEN
10
238.0000
20
115.0000
11
240.0000
21
115.0000
0
LINE
8
GIZLI
6
HIDDEN
10
130.0000
20
115.0000
11
130.0000
21
55.0000
0
LINE
8
GIZLI
6
HIDDEN
10
132.0000
20
55.0000
11
130.0000
21
55.0000
0
LINE
8
GIZLI
6
HIDDEN
10
240.0000
20
115.0000
11
240.0000
21
55.0000
0
LINE
8
GIZLI
6
HIDDEN
10
238.0000
20
55.0000
11
240.0000
21
55.0000
0
LINE
8
GIZLI
6
HIDDEN
10
130.0000
20
73.6100
11
130.0000
21
68.1100
0
LINE
8
GIZLI
6
HIDDEN
10
130.0000
20
68.1100
11
130.0000
21
73.6100
0
LINE
8
GIZLI
6
HIDDEN
10
130.0000
20
73.6100
11
130.0000
21
68.1100
0
LINE
8
GIZLI
6
HIDDEN
10
130.0000
20
68.1100
11
130.0000
21
73.6100
0
LINE
8
GIZLI
6
HIDDEN
10
130.0000
20
101.8900
11
130.0000
21
96.3900
0
LINE
8
GIZLI
6
HIDDEN
10
130.0000
20
96.3900
11
130.0000
21
101.8900
0
LINE
8
GIZLI
6
HIDDEN
10
130.0000
20
96.0000
11
130.0000
21
74.0000
0
LINE
8
GIZLI
6
HIDDEN
10
130.0000
20
74.0000
11
130.0000
21
96.0000
0
LINE
8
GIZLI
6
HIDDEN
10
130.0000
20
101.8900
11
130.0000
21
96.3900
0
LINE
8
GIZLI
6
HIDDEN
10
130.0000
20
96.3900
11
130.0000
21
101.8900
0
LINE
8
GIZLI
6
HIDDEN
10
142.0000
20
89.0000
11
182.0000
21
89.0000
0
LINE
8
GIZLI
6
HIDDEN
10
142.0000
20
81.0000
11
182.0000
21
81.0000
0
LINE
8
GIZLI
6
HIDDEN
10
140.0000
20
115.0000
11
140.0000
21
89.0000
0
LINE
8
GIZLI
6
HIDDEN
10
142.0000
20
89.0000
11
140.0000
21
89.0000
0
LINE
8
GIZLI
6
HIDDEN
10
140.0000
20
89.0000
11
140.0000
21
81.0000
0
LINE
8
GIZLI
6
HIDDEN
10
140.0000
20
81.0000
11
140.0000
21
55.0000
0
LINE
8
GIZLI
6
HIDDEN
10
140.0000
20
73.6100
11
140.0000
21
68.1100
0
LINE
8
GIZLI
6
HIDDEN
10
140.0000
20
68.1100
11
140.0000
21
73.6100
0
LINE
8
GIZLI
6
HIDDEN
10
140.0000
20
73.6100
11
140.0000
21
68.1100
0
LINE
8
GIZLI
6
HIDDEN
10
140.0000
20
68.1100
11
140.0000
21
73.6100
0
LINE
8
GIZLI
6
HIDDEN
10
140.0000
20
101.8900
11
140.0000
21
96.3900
0
LINE
8
GIZLI
6
HIDDEN
10
140.0000
20
96.3900
11
140.0000
21
101.8900
0
LINE
8
GIZLI
6
HIDDEN
10
140.0000
20
96.0000
11
140.0000
21
74.0000
0
LINE
8
GIZLI
6
HIDDEN
10
140.0000
20
74.0000
11
140.0000
21
96.0000
0
LINE
8
GIZLI
6
HIDDEN
10
140.0000
20
101.8900
11
140.0000
21
96.3900
0
LINE
8
GIZLI
6
HIDDEN
10
140.0000
20
96.3900
11
140.0000
21
101.8900
0
LINE
8
GIZLI
6
HIDDEN
10
142.0000
20
81.0000
11
140.0000
21
81.0000
0
LINE
8
GIZLI
6
HIDDEN
10
140.0000
20
73.6100
11
130.0000
21
73.6100
0
LINE
8
GIZLI
6
HIDDEN
10
140.0000
20
73.6100
11
130.0000
21
73.6100
0
LINE
8
GIZLI
6
HIDDEN
10
140.0000
20
101.8900
11
130.0000
21
101.8900
0
LINE
8
GIZLI
6
HIDDEN
10
140.0000
20
96.0000
11
130.0000
21
96.0000
0
LINE
8
GIZLI
6
HIDDEN
10
140.0000
20
101.8900
11
130.0000
21
101.8900
0
LINE
8
GIZLI
6
HIDDEN
10
130.0000
20
68.1100
11
140.0000
21
68.1100
0
LINE
8
GIZLI
6
HIDDEN
10
130.0000
20
68.1100
11
140.0000
21
68.1100
0
LINE
8
GIZLI
6
HIDDEN
10
130.0000
20
96.3900
11
140.0000
21
96.3900
0
LINE
8
GIZLI
6
HIDDEN
10
130.0000
20
74.0000
11
140.0000
21
74.0000
0
LINE
8
GIZLI
6
HIDDEN
10
130.0000
20
96.3900
11
140.0000
21
96.3900
0
LINE
8
EKSEN
6
CENTER
10
173.0000
20
65.0000
11
187.0000
21
65.0000
0
LINE
8
EKSEN
6
CENTER
10
180.0000
20
58.0000
11
180.0000
21
72.0000
0
LINE
8
EKSEN
6
CENTER
10
215.0000
20
65.0000
11
229.0000
21
65.0000
0
LINE
8
EKSEN
6
CENTER
10
222.0000
20
58.0000
11
222.0000
21
72.0000
0
LINE
8
EKSEN
6
CENTER
10
173.0000
20
105.0000
11
187.0000
21
105.0000
0
LINE
8
EKSEN
6
CENTER
10
180.0000
20
98.0000
11
180.0000
21
112.0000
0
LINE
8
EKSEN
6
CENTER
10
215.0000
20
105.0000
11
229.0000
21
105.0000
0
LINE
8
EKSEN
6
CENTER
10
222.0000
20
98.0000
11
222.0000
21
112.0000
0
LINE
8
EKSEN
6
CENTER
10
132.0000
20
95.0000
11
132.0000
21
75.0000
0
LINE
8
EKSEN
6
CENTER
10
238.0000
20
95.0000
11
238.0000
21
75.0000
0
LINE
8
EKSEN
6
CENTER
10
138.0000
20
95.0000
11
138.0000
21
75.0000
0
LINE
8
EKSEN
6
CENTER
10
142.0000
20
107.7500
11
142.0000
21
96.2500
0
LINE
8
EKSEN
6
CENTER
10
142.0000
20
73.7500
11
142.0000
21
62.2500
0
LINE
8
EKSEN
6
CENTER
10
127.5000
20
70.8600
11
142.5000
21
70.8600
0
LINE
8
EKSEN
6
CENTER
10
127.5000
20
99.1400
11
142.5000
21
99.1400
0
LINE
8
EKSEN
6
CENTER
10
127.5000
20
85.0000
11
142.5000
21
85.0000
0
LINE
8
GORUNEN
6
CONTINUOUS
10
100.0000
20
155.0000
11
40.0000
21
155.0000
0
LINE
8
GORUNEN
6
CONTINUOUS
10
100.0000
20
155.0000
11
100.0000
21
157.0000
0
LINE
8
GORUNEN
6
CONTINUOUS
10
100.0000
20
157.0000
11
100.0000
21
163.0000
0
LINE
8
GORUNEN
6
CONTINUOUS
10
100.0000
20
163.0000
11
100.0000
21
165.0000
0
LINE
8
GORUNEN
6
CONTINUOUS
10
100.0000
20
235.0000
11
100.0000
21
233.0000
0
LINE
8
GORUNEN
6
CONTINUOUS
10
100.0000
20
165.0000
11
100.0000
21
167.0000
0
LINE
8
GORUNEN
6
CONTINUOUS
10
100.0000
20
167.0000
11
100.0000
21
233.0000
0
LINE
8
GORUNEN
6
CONTINUOUS
10
40.0000
20
155.0000
11
40.0000
21
157.0000
0
LINE
8
GORUNEN
6
CONTINUOUS
10
40.0000
20
157.0000
11
40.0000
21
163.0000
0
LINE
8
GORUNEN
6
CONTINUOUS
10
40.0000
20
163.0000
11
40.0000
21
165.0000
0
LINE
8
GORUNEN
6
CONTINUOUS
10
40.0000
20
235.0000
11
40.0000
21
233.0000
0
LINE
8
GORUNEN
6
CONTINUOUS
10
40.0000
20
165.0000
11
40.0000
21
167.0000
0
LINE
8
GORUNEN
6
CONTINUOUS
10
40.0000
20
167.0000
11
40.0000
21
233.0000
0
LINE
8
GORUNEN
6
CONTINUOUS
10
100.0000
20
165.0000
11
40.0000
21
165.0000
0
LINE
8
GORUNEN
6
CONTINUOUS
10
100.0000
20
235.0000
11
40.0000
21
235.0000
0
LINE
8
GORUNEN
6
CONTINUOUS
10
74.0000
20
188.0000
11
66.0000
21
188.0000
0
LINE
8
GORUNEN
6
CONTINUOUS
10
58.6100
20
188.8600
11
58.5963
21
189.1338
0
LINE
8
GORUNEN
6
CONTINUOUS
10
58.5963
20
189.1338
11
58.5555
21
189.4049
0
LINE
8
GORUNEN
6
CONTINUOUS
10
58.5555
20
189.4049
11
58.4878
21
189.6706
0
LINE
8
GORUNEN
6
CONTINUOUS
10
58.4878
20
189.6706
11
58.3941
21
189.9282
0
LINE
8
GORUNEN
6
CONTINUOUS
10
58.3941
20
189.9282
11
58.2751
21
190.1752
0
LINE
8
GORUNEN
6
CONTINUOUS
10
58.2751
20
190.1752
11
58.1322
21
190.4091
0
LINE
8
GORUNEN
6
CONTINUOUS
10
58.1322
20
190.4091
11
57.9666
21
190.6277
0
LINE
8
GORUNEN
6
CONTINUOUS
10
57.9666
20
190.6277
11
57.7802
21
190.8286
0
LINE
8
GORUNEN
6
CONTINUOUS
10
57.7802
20
190.8286
11
57.5746
21
191.0100
0
LINE
8
GORUNEN
6
CONTINUOUS
10
57.5746
20
191.0100
11
57.3520
21
191.1701
0
LINE
8
GORUNEN
6
CONTINUOUS
10
57.3520
20
191.1701
11
57.1146
21
191.3071
0
LINE
8
GORUNEN
6
CONTINUOUS
10
57.1146
20
191.3071
11
56.8647
21
191.4199
0
LINE
8
GORUNEN
6
CONTINUOUS
10
56.8647
20
191.4199
11
56.6048
21
191.5072
0
LINE
8
GORUNEN
6
CONTINUOUS
10
56.6048
20
191.5072
11
56.3375
21
191.5682
0
LINE
8
GORUNEN
6
CONTINUOUS
10
56.3375
20
191.5682
11
56.0655
21
191.6023
0
LINE
8
GORUNEN
6
CONTINUOUS
10
56.0655
20
191.6023
11
55.7914
21
191.6091
0
LINE
8
GORUNEN
6
CONTINUOUS
10
55.7914
20
191.6091
11
55.5181
21
191.5887
0
LINE
8
GORUNEN
6
CONTINUOUS
10
55.5181
20
191.5887
11
55.2481
21
191.5411
0
LINE
8
GORUNEN
6
CONTINUOUS
10
55.2481
20
191.5411
11
54.9842
21
191.4668
0
LINE
8
GORUNEN
6
CONTINUOUS
10
54.9842
20
191.4668
11
54.7290
21
191.3666
0
LINE
8
GORUNEN
6
CONTINUOUS
10
54.7290
20
191.3666
11
54.4850
21
191.2416
0
LINE
8
GORUNEN
6
CONTINUOUS
10
54.4850
20
191.2416
11
54.2547
21
191.0928
0
LINE
8
GORUNEN
6
CONTINUOUS
10
54.2547
20
191.0928
11
54.0404
21
190.9219
0
LINE
8
GORUNEN
6
CONTINUOUS
10
54.0404
20
190.9219
11
53.8441
21
190.7305
0
LINE
8
GORUNEN
6
CONTINUOUS
10
53.8441
20
190.7305
11
53.6679
21
190.5205
0
LINE
8
GORUNEN
6
CONTINUOUS
10
53.6679
20
190.5205
11
53.5135
21
190.2939
0
LINE
8
GORUNEN
6
CONTINUOUS
10
53.5135
20
190.2939
11
53.3823
21
190.0532
0
LINE
8
GORUNEN
6
CONTINUOUS
10
53.3823
20
190.0532
11
53.2758
21
189.8006
0
LINE
8
GORUNEN
6
CONTINUOUS
10
53.2758
20
189.8006
11
53.1950
21
189.5386
0
LINE
8
GORUNEN
6
CONTINUOUS
10
53.1950
20
189.5386
11
53.1407
21
189.2699
0
LINE
8
GORUNEN
6
CONTINUOUS
10
53.1407
20
189.2699
11
53.1134
21
188.9971
0
LINE
8
GORUNEN
6
CONTINUOUS
10
53.1134
20
188.9971
11
53.1134
21
188.7229
0
LINE
8
GORUNEN
6
CONTINUOUS
10
53.1134
20
188.7229
11
53.1407
21
188.4501
0
LINE
8
GORUNEN
6
CONTINUOUS
10
53.1407
20
188.4501
11
53.1950
21
188.1814
0
LINE
8
GORUNEN
6
CONTINUOUS
10
53.1950
20
188.1814
11
53.2758
21
187.9194
0
LINE
8
GORUNEN
6
CONTINUOUS
10
53.2758
20
187.9194
11
53.3823
21
187.6668
0
LINE
8
GORUNEN
6
CONTINUOUS
10
53.3823
20
187.6668
11
53.5135
21
187.4261
0
LINE
8
GORUNEN
6
CONTINUOUS
10
53.5135
20
187.4261
11
53.6679
21
187.1995
0
LINE
8
GORUNEN
6
CONTINUOUS
10
53.6679
20
187.1995
11
53.8441
21
186.9895
0
LINE
8
GORUNEN
6
CONTINUOUS
10
53.8441
20
186.9895
11
54.0404
21
186.7981
0
LINE
8
GORUNEN
6
CONTINUOUS
10
54.0404
20
186.7981
11
54.2547
21
186.6272
0
LINE
8
GORUNEN
6
CONTINUOUS
10
54.2547
20
186.6272
11
54.4850
21
186.4784
0
LINE
8
GORUNEN
6
CONTINUOUS
10
54.4850
20
186.4784
11
54.7290
21
186.3534
0
LINE
8
GORUNEN
6
CONTINUOUS
10
54.7290
20
186.3534
11
54.9842
21
186.2532
0
LINE
8
GORUNEN
6
CONTINUOUS
10
54.9842
20
186.2532
11
55.2481
21
186.1789
0
LINE
8
GORUNEN
6
CONTINUOUS
10
55.2481
20
186.1789
11
55.5181
21
186.1313
0
LINE
8
GORUNEN
6
CONTINUOUS
10
55.5181
20
186.1313
11
55.7914
21
186.1109
0
LINE
8
GORUNEN
6
CONTINUOUS
10
55.7914
20
186.1109
11
56.0655
21
186.1177
0
LINE
8
GORUNEN
6
CONTINUOUS
10
56.0655
20
186.1177
11
56.3375
21
186.1518
0
LINE
8
GORUNEN
6
CONTINUOUS
10
56.3375
20
186.1518
11
56.6048
21
186.2128
0
LINE
8
GORUNEN
6
CONTINUOUS
10
56.6048
20
186.2128
11
56.8647
21
186.3001
0
LINE
8
GORUNEN
6
CONTINUOUS
10
56.8647
20
186.3001
11
57.1146
21
186.4129
0
LINE
8
GORUNEN
6
CONTINUOUS
10
57.1146
20
186.4129
11
57.3520
21
186.5499
0
LINE
8
GORUNEN
6
CONTINUOUS
10
57.3520
20
186.5499
11
57.5746
21
186.7100
0
LINE
8
GORUNEN
6
CONTINUOUS
10
57.5746
20
186.7100
11
57.7802
21
186.8914
0
LINE
8
GORUNEN
6
CONTINUOUS
10
57.7802
20
186.8914
11
57.9666
21
187.0923
0
LINE
8
GORUNEN
6
CONTINUOUS
10
57.9666
20
187.0923
11
58.1322
21
187.3109
0
LINE
8
GORUNEN
6
CONTINUOUS
10
58.1322
20
187.3109
11
58.2751
21
187.5448
0
LINE
8
GORUNEN
6
CONTINUOUS
10
58.2751
20
187.5448
11
58.3941
21
187.7918
0
LINE
8
GORUNEN
6
CONTINUOUS
10
58.3941
20
187.7918
11
58.4878
21
188.0494
0
LINE
8
GORUNEN
6
CONTINUOUS
10
58.4878
20
188.0494
11
58.5555
21
188.3151
0
LINE
8
GORUNEN
6
CONTINUOUS
10
58.5555
20
188.3151
11
58.5963
21
188.5862
0
LINE
8
GORUNEN
6
CONTINUOUS
10
58.5963
20
188.5862
11
58.6100
21
188.8600
0
LINE
8
GORUNEN
6
CONTINUOUS
10
58.6100
20
217.1400
11
58.5963
21
217.4138
0
LINE
8
GORUNEN
6
CONTINUOUS
10
58.5963
20
217.4138
11
58.5555
21
217.6849
0
LINE
8
GORUNEN
6
CONTINUOUS
10
58.5555
20
217.6849
11
58.4878
21
217.9506
0
LINE
8
GORUNEN
6
CONTINUOUS
10
58.4878
20
217.9506
11
58.3941
21
218.2082
0
LINE
8
GORUNEN
6
CONTINUOUS
10
58.3941
20
218.2082
11
58.2751
21
218.4552
0
LINE
8
GORUNEN
6
CONTINUOUS
10
58.2751
20
218.4552
11
58.1322
21
218.6891
0
LINE
8
GORUNEN
6
CONTINUOUS
10
58.1322
20
218.6891
11
57.9666
21
218.9077
0
LINE
8
GORUNEN
6
CONTINUOUS
10
57.9666
20
218.9077
11
57.7802
21
219.1086
0
LINE
8
GORUNEN
6
CONTINUOUS
10
57.7802
20
219.1086
11
57.5746
21
219.2900
0
LINE
8
GORUNEN
6
CONTINUOUS
10
57.5746
20
219.2900
11
57.3520
21
219.4501
0
LINE
8
GORUNEN
6
CONTINUOUS
10
57.3520
20
219.4501
11
57.1146
21
219.5871
0
LINE
8
GORUNEN
6
CONTINUOUS
10
57.1146
20
219.5871
11
56.8647
21
219.6999
0
LINE
8
GORUNEN
6
CONTINUOUS
10
56.8647
20
219.6999
11
56.6048
21
219.7872
0
LINE
8
GORUNEN
6
CONTINUOUS
10
56.6048
20
219.7872
11
56.3375
21
219.8482
0
LINE
8
GORUNEN
6
CONTINUOUS
10
56.3375
20
219.8482
11
56.0655
21
219.8823
0
LINE
8
GORUNEN
6
CONTINUOUS
10
56.0655
20
219.8823
11
55.7914
21
219.8891
0
LINE
8
GORUNEN
6
CONTINUOUS
10
55.7914
20
219.8891
11
55.5181
21
219.8687
0
LINE
8
GORUNEN
6
CONTINUOUS
10
55.5181
20
219.8687
11
55.2481
21
219.8211
0
LINE
8
GORUNEN
6
CONTINUOUS
10
55.2481
20
219.8211
11
54.9842
21
219.7468
0
LINE
8
GORUNEN
6
CONTINUOUS
10
54.9842
20
219.7468
11
54.7290
21
219.6466
0
LINE
8
GORUNEN
6
CONTINUOUS
10
54.7290
20
219.6466
11
54.4850
21
219.5216
0
LINE
8
GORUNEN
6
CONTINUOUS
10
54.4850
20
219.5216
11
54.2547
21
219.3728
0
LINE
8
GORUNEN
6
CONTINUOUS
10
54.2547
20
219.3728
11
54.0404
21
219.2019
0
LINE
8
GORUNEN
6
CONTINUOUS
10
54.0404
20
219.2019
11
53.8441
21
219.0105
0
LINE
8
GORUNEN
6
CONTINUOUS
10
53.8441
20
219.0105
11
53.6679
21
218.8005
0
LINE
8
GORUNEN
6
CONTINUOUS
10
53.6679
20
218.8005
11
53.5135
21
218.5739
0
LINE
8
GORUNEN
6
CONTINUOUS
10
53.5135
20
218.5739
11
53.3823
21
218.3332
0
LINE
8
GORUNEN
6
CONTINUOUS
10
53.3823
20
218.3332
11
53.2758
21
218.0806
0
LINE
8
GORUNEN
6
CONTINUOUS
10
53.2758
20
218.0806
11
53.1950
21
217.8186
0
LINE
8
GORUNEN
6
CONTINUOUS
10
53.1950
20
217.8186
11
53.1407
21
217.5499
0
LINE
8
GORUNEN
6
CONTINUOUS
10
53.1407
20
217.5499
11
53.1134
21
217.2771
0
LINE
8
GORUNEN
6
CONTINUOUS
10
53.1134
20
217.2771
11
53.1134
21
217.0029
0
LINE
8
GORUNEN
6
CONTINUOUS
10
53.1134
20
217.0029
11
53.1407
21
216.7301
0
LINE
8
GORUNEN
6
CONTINUOUS
10
53.1407
20
216.7301
11
53.1950
21
216.4614
0
LINE
8
GORUNEN
6
CONTINUOUS
10
53.1950
20
216.4614
11
53.2758
21
216.1994
0
LINE
8
GORUNEN
6
CONTINUOUS
10
53.2758
20
216.1994
11
53.3823
21
215.9468
0
LINE
8
GORUNEN
6
CONTINUOUS
10
53.3823
20
215.9468
11
53.5135
21
215.7061
0
LINE
8
GORUNEN
6
CONTINUOUS
10
53.5135
20
215.7061
11
53.6679
21
215.4795
0
LINE
8
GORUNEN
6
CONTINUOUS
10
53.6679
20
215.4795
11
53.8441
21
215.2695
0
LINE
8
GORUNEN
6
CONTINUOUS
10
53.8441
20
215.2695
11
54.0404
21
215.0781
0
LINE
8
GORUNEN
6
CONTINUOUS
10
54.0404
20
215.0781
11
54.2547
21
214.9072
0
LINE
8
GORUNEN
6
CONTINUOUS
10
54.2547
20
214.9072
11
54.4850
21
214.7584
0
LINE
8
GORUNEN
6
CONTINUOUS
10
54.4850
20
214.7584
11
54.7290
21
214.6334
0
LINE
8
GORUNEN
6
CONTINUOUS
10
54.7290
20
214.6334
11
54.9842
21
214.5332
0
LINE
8
GORUNEN
6
CONTINUOUS
10
54.9842
20
214.5332
11
55.2481
21
214.4589
0
LINE
8
GORUNEN
6
CONTINUOUS
10
55.2481
20
214.4589
11
55.5181
21
214.4113
0
LINE
8
GORUNEN
6
CONTINUOUS
10
55.5181
20
214.4113
11
55.7914
21
214.3909
0
LINE
8
GORUNEN
6
CONTINUOUS
10
55.7914
20
214.3909
11
56.0655
21
214.3977
0
LINE
8
GORUNEN
6
CONTINUOUS
10
56.0655
20
214.3977
11
56.3375
21
214.4318
0
LINE
8
GORUNEN
6
CONTINUOUS
10
56.3375
20
214.4318
11
56.6048
21
214.4928
0
LINE
8
GORUNEN
6
CONTINUOUS
10
56.6048
20
214.4928
11
56.8647
21
214.5801
0
LINE
8
GORUNEN
6
CONTINUOUS
10
56.8647
20
214.5801
11
57.1146
21
214.6929
0
LINE
8
GORUNEN
6
CONTINUOUS
10
57.1146
20
214.6929
11
57.3520
21
214.8299
0
LINE
8
GORUNEN
6
CONTINUOUS
10
57.3520
20
214.8299
11
57.5746
21
214.9900
0
LINE
8
GORUNEN
6
CONTINUOUS
10
57.5746
20
214.9900
11
57.7802
21
215.1714
0
LINE
8
GORUNEN
6
CONTINUOUS
10
57.7802
20
215.1714
11
57.9666
21
215.3723
0
LINE
8
GORUNEN
6
CONTINUOUS
10
57.9666
20
215.3723
11
58.1322
21
215.5909
0
LINE
8
GORUNEN
6
CONTINUOUS
10
58.1322
20
215.5909
11
58.2751
21
215.8248
0
LINE
8
GORUNEN
6
CONTINUOUS
10
58.2751
20
215.8248
11
58.3941
21
216.0718
0
LINE
8
GORUNEN
6
CONTINUOUS
10
58.3941
20
216.0718
11
58.4878
21
216.3294
0
LINE
8
GORUNEN
6
CONTINUOUS
10
58.4878
20
216.3294
11
58.5555
21
216.5951
0
LINE
8
GORUNEN
6
CONTINUOUS
10
58.5555
20
216.5951
11
58.5963
21
216.8662
0
LINE
8
GORUNEN
6
CONTINUOUS
10
58.5963
20
216.8662
11
58.6100
21
217.1400
0
LINE
8
GORUNEN
6
CONTINUOUS
10
86.8900
20
188.8600
11
86.8763
21
189.1338
0
LINE
8
GORUNEN
6
CONTINUOUS
10
86.8763
20
189.1338
11
86.8355
21
189.4049
0
LINE
8
GORUNEN
6
CONTINUOUS
10
86.8355
20
189.4049
11
86.7678
21
189.6706
0
LINE
8
GORUNEN
6
CONTINUOUS
10
86.7678
20
189.6706
11
86.6741
21
189.9282
0
LINE
8
GORUNEN
6
CONTINUOUS
10
86.6741
20
189.9282
11
86.5551
21
190.1752
0
LINE
8
GORUNEN
6
CONTINUOUS
10
86.5551
20
190.1752
11
86.4122
21
190.4091
0
LINE
8
GORUNEN
6
CONTINUOUS
10
86.4122
20
190.4091
11
86.2466
21
190.6277
0
LINE
8
GORUNEN
6
CONTINUOUS
10
86.2466
20
190.6277
11
86.0602
21
190.8286
0
LINE
8
GORUNEN
6
CONTINUOUS
10
86.0602
20
190.8286
11
85.8546
21
191.0100
0
LINE
8
GORUNEN
6
CONTINUOUS
10
85.8546
20
191.0100
11
85.6320
21
191.1701
0
LINE
8
GORUNEN
6
CONTINUOUS
10
85.6320
20
191.1701
11
85.3946
21
191.3071
0
LINE
8
GORUNEN
6
CONTINUOUS
10
85.3946
20
191.3071
11
85.1447
21
191.4199
0
LINE
8
GORUNEN
6
CONTINUOUS
10
85.1447
20
191.4199
11
84.8848
21
191.5072
0
LINE
8
GORUNEN
6
CONTINUOUS
10
84.8848
20
191.5072
11
84.6175
21
191.5682
0
LINE
8
GORUNEN
6
CONTINUOUS
10
84.6175
20
191.5682
11
84.3455
21
191.6023
0
LINE
8
GORUNEN
6
CONTINUOUS
10
84.3455
20
191.6023
11
84.0714
21
191.6091
0
LINE
8
GORUNEN
6
CONTINUOUS
10
84.0714
20
191.6091
11
83.7981
21
191.5887
0
LINE
8
GORUNEN
6
CONTINUOUS
10
83.7981
20
191.5887
11
83.5281
21
191.5411
0
LINE
8
GORUNEN
6
CONTINUOUS
10
83.5281
20
191.5411
11
83.2642
21
191.4668
0
LINE
8
GORUNEN
6
CONTINUOUS
10
83.2642
20
191.4668
11
83.0090
21
191.3666
0
LINE
8
GORUNEN
6
CONTINUOUS
10
83.0090
20
191.3666
11
82.7650
21
191.2416
0
LINE
8
GORUNEN
6
CONTINUOUS
10
82.7650
20
191.2416
11
82.5347
21
191.0928
0
LINE
8
GORUNEN
6
CONTINUOUS
10
82.5347
20
191.0928
11
82.3204
21
190.9219
0
LINE
8
GORUNEN
6
CONTINUOUS
10
82.3204
20
190.9219
11
82.1241
21
190.7305
0
LINE
8
GORUNEN
6
CONTINUOUS
10
82.1241
20
190.7305
11
81.9479
21
190.5205
0
LINE
8
GORUNEN
6
CONTINUOUS
10
81.9479
20
190.5205
11
81.7935
21
190.2939
0
LINE
8
GORUNEN
6
CONTINUOUS
10
81.7935
20
190.2939
11
81.6623
21
190.0532
0
LINE
8
GORUNEN
6
CONTINUOUS
10
81.6623
20
190.0532
11
81.5558
21
189.8006
0
LINE
8
GORUNEN
6
CONTINUOUS
10
81.5558
20
189.8006
11
81.4750
21
189.5386
0
LINE
8
GORUNEN
6
CONTINUOUS
10
81.4750
20
189.5386
11
81.4207
21
189.2699
0
LINE
8
GORUNEN
6
CONTINUOUS
10
81.4207
20
189.2699
11
81.3934
21
188.9971
0
LINE
8
GORUNEN
6
CONTINUOUS
10
81.3934
20
188.9971
11
81.3934
21
188.7229
0
LINE
8
GORUNEN
6
CONTINUOUS
10
81.3934
20
188.7229
11
81.4207
21
188.4501
0
LINE
8
GORUNEN
6
CONTINUOUS
10
81.4207
20
188.4501
11
81.4750
21
188.1814
0
LINE
8
GORUNEN
6
CONTINUOUS
10
81.4750
20
188.1814
11
81.5558
21
187.9194
0
LINE
8
GORUNEN
6
CONTINUOUS
10
81.5558
20
187.9194
11
81.6623
21
187.6668
0
LINE
8
GORUNEN
6
CONTINUOUS
10
81.6623
20
187.6668
11
81.7935
21
187.4261
0
LINE
8
GORUNEN
6
CONTINUOUS
10
81.7935
20
187.4261
11
81.9479
21
187.1995
0
LINE
8
GORUNEN
6
CONTINUOUS
10
81.9479
20
187.1995
11
82.1241
21
186.9895
0
LINE
8
GORUNEN
6
CONTINUOUS
10
82.1241
20
186.9895
11
82.3204
21
186.7981
0
LINE
8
GORUNEN
6
CONTINUOUS
10
82.3204
20
186.7981
11
82.5347
21
186.6272
0
LINE
8
GORUNEN
6
CONTINUOUS
10
82.5347
20
186.6272
11
82.7650
21
186.4784
0
LINE
8
GORUNEN
6
CONTINUOUS
10
82.7650
20
186.4784
11
83.0090
21
186.3534
0
LINE
8
GORUNEN
6
CONTINUOUS
10
83.0090
20
186.3534
11
83.2642
21
186.2532
0
LINE
8
GORUNEN
6
CONTINUOUS
10
83.2642
20
186.2532
11
83.5281
21
186.1789
0
LINE
8
GORUNEN
6
CONTINUOUS
10
83.5281
20
186.1789
11
83.7981
21
186.1313
0
LINE
8
GORUNEN
6
CONTINUOUS
10
83.7981
20
186.1313
11
84.0714
21
186.1109
0
LINE
8
GORUNEN
6
CONTINUOUS
10
84.0714
20
186.1109
11
84.3455
21
186.1177
0
LINE
8
GORUNEN
6
CONTINUOUS
10
84.3455
20
186.1177
11
84.6175
21
186.1518
0
LINE
8
GORUNEN
6
CONTINUOUS
10
84.6175
20
186.1518
11
84.8848
21
186.2128
0
LINE
8
GORUNEN
6
CONTINUOUS
10
84.8848
20
186.2128
11
85.1447
21
186.3001
0
LINE
8
GORUNEN
6
CONTINUOUS
10
85.1447
20
186.3001
11
85.3946
21
186.4129
0
LINE
8
GORUNEN
6
CONTINUOUS
10
85.3946
20
186.4129
11
85.6320
21
186.5499
0
LINE
8
GORUNEN
6
CONTINUOUS
10
85.6320
20
186.5499
11
85.8546
21
186.7100
0
LINE
8
GORUNEN
6
CONTINUOUS
10
85.8546
20
186.7100
11
86.0602
21
186.8914
0
LINE
8
GORUNEN
6
CONTINUOUS
10
86.0602
20
186.8914
11
86.2466
21
187.0923
0
LINE
8
GORUNEN
6
CONTINUOUS
10
86.2466
20
187.0923
11
86.4122
21
187.3109
0
LINE
8
GORUNEN
6
CONTINUOUS
10
86.4122
20
187.3109
11
86.5551
21
187.5448
0
LINE
8
GORUNEN
6
CONTINUOUS
10
86.5551
20
187.5448
11
86.6741
21
187.7918
0
LINE
8
GORUNEN
6
CONTINUOUS
10
86.6741
20
187.7918
11
86.7678
21
188.0494
0
LINE
8
GORUNEN
6
CONTINUOUS
10
86.7678
20
188.0494
11
86.8355
21
188.3151
0
LINE
8
GORUNEN
6
CONTINUOUS
10
86.8355
20
188.3151
11
86.8763
21
188.5862
0
LINE
8
GORUNEN
6
CONTINUOUS
10
86.8763
20
188.5862
11
86.8900
21
188.8600
0
LINE
8
GORUNEN
6
CONTINUOUS
10
81.0000
20
203.0000
11
80.9453
21
204.0952
0
LINE
8
GORUNEN
6
CONTINUOUS
10
80.9453
20
204.0952
11
80.7819
21
205.1796
0
LINE
8
GORUNEN
6
CONTINUOUS
10
80.7819
20
205.1796
11
80.5113
21
206.2423
0
LINE
8
GORUNEN
6
CONTINUOUS
10
80.5113
20
206.2423
11
80.1362
21
207.2728
0
LINE
8
GORUNEN
6
CONTINUOUS
10
80.1362
20
207.2728
11
79.6604
21
208.2608
0
LINE
8
GORUNEN
6
CONTINUOUS
10
79.6604
20
208.2608
11
79.0886
21
209.1965
0
LINE
8
GORUNEN
6
CONTINUOUS
10
79.0886
20
209.1965
11
78.4265
21
210.0707
0
LINE
8
GORUNEN
6
CONTINUOUS
10
78.4265
20
210.0707
11
77.6806
21
210.8745
0
LINE
8
GORUNEN
6
CONTINUOUS
10
77.6806
20
210.8745
11
76.8584
21
211.6001
0
LINE
8
GORUNEN
6
CONTINUOUS
10
76.8584
20
211.6001
11
75.9680
21
212.2403
0
LINE
8
GORUNEN
6
CONTINUOUS
10
75.9680
20
212.2403
11
75.0183
21
212.7886
0
LINE
8
GORUNEN
6
CONTINUOUS
10
75.0183
20
212.7886
11
74.0188
21
213.2396
0
LINE
8
GORUNEN
6
CONTINUOUS
10
74.0188
20
213.2396
11
72.9792
21
213.5889
0
LINE
8
GORUNEN
6
CONTINUOUS
10
72.9792
20
213.5889
11
71.9101
21
213.8329
0
LINE
8
GORUNEN
6
CONTINUOUS
10
71.9101
20
213.8329
11
70.8220
21
213.9692
0
LINE
8
GORUNEN
6
CONTINUOUS
10
70.8220
20
213.9692
11
69.7258
21
213.9966
0
LINE
8
GORUNEN
6
CONTINUOUS
10
69.7258
20
213.9966
11
68.6322
21
213.9146
0
LINE
8
GORUNEN
6
CONTINUOUS
10
68.6322
20
213.9146
11
67.5523
21
213.7242
0
LINE
8
GORUNEN
6
CONTINUOUS
10
67.5523
20
213.7242
11
66.4966
21
213.4272
0
LINE
8
GORUNEN
6
CONTINUOUS
10
66.4966
20
213.4272
11
65.4758
21
213.0266
0
LINE
8
GORUNEN
6
CONTINUOUS
10
65.4758
20
213.0266
11
64.5000
21
212.5263
0
LINE
8
GORUNEN
6
CONTINUOUS
10
64.5000
20
212.5263
11
63.5788
21
211.9313
0
LINE
8
GORUNEN
6
CONTINUOUS
10
63.5788
20
211.9313
11
62.7215
21
211.2476
0
LINE
8
GORUNEN
6
CONTINUOUS
10
62.7215
20
211.2476
11
61.9364
21
210.4819
0
LINE
8
GORUNEN
6
CONTINUOUS
10
61.9364
20
210.4819
11
61.2315
21
209.6418
0
LINE
8
GORUNEN
6
CONTINUOUS
10
61.2315
20
209.6418
11
60.6138
21
208.7358
0
LINE
8
GORUNEN
6
CONTINUOUS
10
60.6138
20
208.7358
11
60.0893
21
207.7727
0
LINE
8
GORUNEN
6
CONTINUOUS
10
60.0893
20
207.7727
11
59.6634
21
206.7622
0
LINE
8
GORUNEN
6
CONTINUOUS
10
59.6634
20
206.7622
11
59.3401
21
205.7143
0
LINE
8
GORUNEN
6
CONTINUOUS
10
59.3401
20
205.7143
11
59.1229
21
204.6395
0
LINE
8
GORUNEN
6
CONTINUOUS
10
59.1229
20
204.6395
11
59.0137
21
203.5483
0
LINE
8
GORUNEN
6
CONTINUOUS
10
59.0137
20
203.5483
11
59.0137
21
202.4517
0
LINE
8
GORUNEN
6
CONTINUOUS
10
59.0137
20
202.4517
11
59.1229
21
201.3605
0
LINE
8
GORUNEN
6
CONTINUOUS
10
59.1229
20
201.3605
11
59.3401
21
200.2857
0
LINE
8
GORUNEN
6
CONTINUOUS
10
59.3401
20
200.2857
11
59.6634
21
199.2378
0
LINE
8
GORUNEN
6
CONTINUOUS
10
59.6634
20
199.2378
11
60.0893
21
198.2273
0
LINE
8
GORUNEN
6
CONTINUOUS
10
60.0893
20
198.2273
11
60.6138
21
197.2642
0
LINE
8
GORUNEN
6
CONTINUOUS
10
60.6138
20
197.2642
11
61.2315
21
196.3582
0
LINE
8
GORUNEN
6
CONTINUOUS
10
61.2315
20
196.3582
11
61.9364
21
195.5181
0
LINE
8
GORUNEN
6
CONTINUOUS
10
61.9364
20
195.5181
11
62.7215
21
194.7524
0
LINE
8
GORUNEN
6
CONTINUOUS
10
62.7215
20
194.7524
11
63.5788
21
194.0687
0
LINE
8
GORUNEN
6
CONTINUOUS
10
63.5788
20
194.0687
11
64.5000
21
193.4737
0
LINE
8
GORUNEN
6
CONTINUOUS
10
64.5000
20
193.4737
11
65.4758
21
192.9734
0
LINE
8
GORUNEN
6
CONTINUOUS
10
65.4758
20
192.9734
11
66.4966
21
192.5728
0
LINE
8
GORUNEN
6
CONTINUOUS
10
66.4966
20
192.5728
11
67.5523
21
192.2758
0
LINE
8
GORUNEN
6
CONTINUOUS
10
67.5523
20
192.2758
11
68.6322
21
192.0854
0
LINE
8
GORUNEN
6
CONTINUOUS
10
68.6322
20
192.0854
11
69.7258
21
192.0034
0
LINE
8
GORUNEN
6
CONTINUOUS
10
69.7258
20
192.0034
11
70.8220
21
192.0308
0
LINE
8
GORUNEN
6
CONTINUOUS
10
70.8220
20
192.0308
11
71.9101
21
192.1671
0
LINE
8
GORUNEN
6
CONTINUOUS
10
71.9101
20
192.1671
11
72.9792
21
192.4111
0
LINE
8
GORUNEN
6
CONTINUOUS
10
72.9792
20
192.4111
11
74.0188
21
192.7604
0
LINE
8
GORUNEN
6
CONTINUOUS
10
74.0188
20
192.7604
11
75.0183
21
193.2114
0
LINE
8
GORUNEN
6
CONTINUOUS
10
75.0183
20
193.2114
11
75.9680
21
193.7597
0
LINE
8
GORUNEN
6
CONTINUOUS
10
75.9680
20
193.7597
11
76.8584
21
194.3999
0
LINE
8
GORUNEN
6
CONTINUOUS
10
76.8584
20
194.3999
11
77.6806
21
195.1255
0
LINE
8
GORUNEN
6
CONTINUOUS
10
77.6806
20
195.1255
11
78.4265
21
195.9293
0
LINE
8
GORUNEN
6
CONTINUOUS
10
78.4265
20
195.9293
11
79.0886
21
196.8035
0
LINE
8
GORUNEN
6
CONTINUOUS
10
79.0886
20
196.8035
11
79.6604
21
197.7392
0
LINE
8
GORUNEN
6
CONTINUOUS
10
79.6604
20
197.7392
11
80.1362
21
198.7272
0
LINE
8
GORUNEN
6
CONTINUOUS
10
80.1362
20
198.7272
11
80.5113
21
199.7577
0
LINE
8
GORUNEN
6
CONTINUOUS
10
80.5113
20
199.7577
11
80.7819
21
200.8204
0
LINE
8
GORUNEN
6
CONTINUOUS
10
80.7819
20
200.8204
11
80.9453
21
201.9048
0
LINE
8
GORUNEN
6
CONTINUOUS
10
80.9453
20
201.9048
11
81.0000
21
203.0000
0
LINE
8
GORUNEN
6
CONTINUOUS
10
86.8900
20
217.1400
11
86.8763
21
217.4138
0
LINE
8
GORUNEN
6
CONTINUOUS
10
86.8763
20
217.4138
11
86.8355
21
217.6849
0
LINE
8
GORUNEN
6
CONTINUOUS
10
86.8355
20
217.6849
11
86.7678
21
217.9506
0
LINE
8
GORUNEN
6
CONTINUOUS
10
86.7678
20
217.9506
11
86.6741
21
218.2082
0
LINE
8
GORUNEN
6
CONTINUOUS
10
86.6741
20
218.2082
11
86.5551
21
218.4552
0
LINE
8
GORUNEN
6
CONTINUOUS
10
86.5551
20
218.4552
11
86.4122
21
218.6891
0
LINE
8
GORUNEN
6
CONTINUOUS
10
86.4122
20
218.6891
11
86.2466
21
218.9077
0
LINE
8
GORUNEN
6
CONTINUOUS
10
86.2466
20
218.9077
11
86.0602
21
219.1086
0
LINE
8
GORUNEN
6
CONTINUOUS
10
86.0602
20
219.1086
11
85.8546
21
219.2900
0
LINE
8
GORUNEN
6
CONTINUOUS
10
85.8546
20
219.2900
11
85.6320
21
219.4501
0
LINE
8
GORUNEN
6
CONTINUOUS
10
85.6320
20
219.4501
11
85.3946
21
219.5871
0
LINE
8
GORUNEN
6
CONTINUOUS
10
85.3946
20
219.5871
11
85.1447
21
219.6999
0
LINE
8
GORUNEN
6
CONTINUOUS
10
85.1447
20
219.6999
11
84.8848
21
219.7872
0
LINE
8
GORUNEN
6
CONTINUOUS
10
84.8848
20
219.7872
11
84.6175
21
219.8482
0
LINE
8
GORUNEN
6
CONTINUOUS
10
84.6175
20
219.8482
11
84.3455
21
219.8823
0
LINE
8
GORUNEN
6
CONTINUOUS
10
84.3455
20
219.8823
11
84.0714
21
219.8891
0
LINE
8
GORUNEN
6
CONTINUOUS
10
84.0714
20
219.8891
11
83.7981
21
219.8687
0
LINE
8
GORUNEN
6
CONTINUOUS
10
83.7981
20
219.8687
11
83.5281
21
219.8211
0
LINE
8
GORUNEN
6
CONTINUOUS
10
83.5281
20
219.8211
11
83.2642
21
219.7468
0
LINE
8
GORUNEN
6
CONTINUOUS
10
83.2642
20
219.7468
11
83.0090
21
219.6466
0
LINE
8
GORUNEN
6
CONTINUOUS
10
83.0090
20
219.6466
11
82.7650
21
219.5216
0
LINE
8
GORUNEN
6
CONTINUOUS
10
82.7650
20
219.5216
11
82.5347
21
219.3728
0
LINE
8
GORUNEN
6
CONTINUOUS
10
82.5347
20
219.3728
11
82.3204
21
219.2019
0
LINE
8
GORUNEN
6
CONTINUOUS
10
82.3204
20
219.2019
11
82.1241
21
219.0105
0
LINE
8
GORUNEN
6
CONTINUOUS
10
82.1241
20
219.0105
11
81.9479
21
218.8005
0
LINE
8
GORUNEN
6
CONTINUOUS
10
81.9479
20
218.8005
11
81.7935
21
218.5739
0
LINE
8
GORUNEN
6
CONTINUOUS
10
81.7935
20
218.5739
11
81.6623
21
218.3332
0
LINE
8
GORUNEN
6
CONTINUOUS
10
81.6623
20
218.3332
11
81.5558
21
218.0806
0
LINE
8
GORUNEN
6
CONTINUOUS
10
81.5558
20
218.0806
11
81.4750
21
217.8186
0
LINE
8
GORUNEN
6
CONTINUOUS
10
81.4750
20
217.8186
11
81.4207
21
217.5499
0
LINE
8
GORUNEN
6
CONTINUOUS
10
81.4207
20
217.5499
11
81.3934
21
217.2771
0
LINE
8
GORUNEN
6
CONTINUOUS
10
81.3934
20
217.2771
11
81.3934
21
217.0029
0
LINE
8
GORUNEN
6
CONTINUOUS
10
81.3934
20
217.0029
11
81.4207
21
216.7301
0
LINE
8
GORUNEN
6
CONTINUOUS
10
81.4207
20
216.7301
11
81.4750
21
216.4614
0
LINE
8
GORUNEN
6
CONTINUOUS
10
81.4750
20
216.4614
11
81.5558
21
216.1994
0
LINE
8
GORUNEN
6
CONTINUOUS
10
81.5558
20
216.1994
11
81.6623
21
215.9468
0
LINE
8
GORUNEN
6
CONTINUOUS
10
81.6623
20
215.9468
11
81.7935
21
215.7061
0
LINE
8
GORUNEN
6
CONTINUOUS
10
81.7935
20
215.7061
11
81.9479
21
215.4795
0
LINE
8
GORUNEN
6
CONTINUOUS
10
81.9479
20
215.4795
11
82.1241
21
215.2695
0
LINE
8
GORUNEN
6
CONTINUOUS
10
82.1241
20
215.2695
11
82.3204
21
215.0781
0
LINE
8
GORUNEN
6
CONTINUOUS
10
82.3204
20
215.0781
11
82.5347
21
214.9072
0
LINE
8
GORUNEN
6
CONTINUOUS
10
82.5347
20
214.9072
11
82.7650
21
214.7584
0
LINE
8
GORUNEN
6
CONTINUOUS
10
82.7650
20
214.7584
11
83.0090
21
214.6334
0
LINE
8
GORUNEN
6
CONTINUOUS
10
83.0090
20
214.6334
11
83.2642
21
214.5332
0
LINE
8
GORUNEN
6
CONTINUOUS
10
83.2642
20
214.5332
11
83.5281
21
214.4589
0
LINE
8
GORUNEN
6
CONTINUOUS
10
83.5281
20
214.4589
11
83.7981
21
214.4113
0
LINE
8
GORUNEN
6
CONTINUOUS
10
83.7981
20
214.4113
11
84.0714
21
214.3909
0
LINE
8
GORUNEN
6
CONTINUOUS
10
84.0714
20
214.3909
11
84.3455
21
214.3977
0
LINE
8
GORUNEN
6
CONTINUOUS
10
84.3455
20
214.3977
11
84.6175
21
214.4318
0
LINE
8
GORUNEN
6
CONTINUOUS
10
84.6175
20
214.4318
11
84.8848
21
214.4928
0
LINE
8
GORUNEN
6
CONTINUOUS
10
84.8848
20
214.4928
11
85.1447
21
214.5801
0
LINE
8
GORUNEN
6
CONTINUOUS
10
85.1447
20
214.5801
11
85.3946
21
214.6929
0
LINE
8
GORUNEN
6
CONTINUOUS
10
85.3946
20
214.6929
11
85.6320
21
214.8299
0
LINE
8
GORUNEN
6
CONTINUOUS
10
85.6320
20
214.8299
11
85.8546
21
214.9900
0
LINE
8
GORUNEN
6
CONTINUOUS
10
85.8546
20
214.9900
11
86.0602
21
215.1714
0
LINE
8
GORUNEN
6
CONTINUOUS
10
86.0602
20
215.1714
11
86.2466
21
215.3723
0
LINE
8
GORUNEN
6
CONTINUOUS
10
86.2466
20
215.3723
11
86.4122
21
215.5909
0
LINE
8
GORUNEN
6
CONTINUOUS
10
86.4122
20
215.5909
11
86.5551
21
215.8248
0
LINE
8
GORUNEN
6
CONTINUOUS
10
86.5551
20
215.8248
11
86.6741
21
216.0718
0
LINE
8
GORUNEN
6
CONTINUOUS
10
86.6741
20
216.0718
11
86.7678
21
216.3294
0
LINE
8
GORUNEN
6
CONTINUOUS
10
86.7678
20
216.3294
11
86.8355
21
216.5951
0
LINE
8
GORUNEN
6
CONTINUOUS
10
86.8355
20
216.5951
11
86.8763
21
216.8662
0
LINE
8
GORUNEN
6
CONTINUOUS
10
86.8763
20
216.8662
11
86.8900
21
217.1400
0
LINE
8
GORUNEN
6
CONTINUOUS
10
74.0000
20
165.0000
11
74.0000
21
188.0000
0
LINE
8
GORUNEN
6
CONTINUOUS
10
66.0000
20
165.0000
11
66.0000
21
188.0000
0
LINE
8
INCE
6
CONTINUOUS
10
100.0000
20
157.0000
11
40.0000
21
157.0000
0
LINE
8
INCE
6
CONTINUOUS
10
100.0000
20
163.0000
11
40.0000
21
163.0000
0
LINE
8
INCE
6
CONTINUOUS
10
100.0000
20
233.0000
11
40.0000
21
233.0000
0
LINE
8
INCE
6
CONTINUOUS
10
100.0000
20
167.0000
11
74.0000
21
167.0000
0
LINE
8
INCE
6
CONTINUOUS
10
66.0000
20
167.0000
11
40.0000
21
167.0000
0
LINE
8
GIZLI
6
HIDDEN
10
100.0000
20
155.0000
11
40.0000
21
155.0000
0
LINE
8
GIZLI
6
HIDDEN
10
50.0000
20
155.0000
11
54.5000
21
155.0000
0
LINE
8
GIZLI
6
HIDDEN
10
54.5000
20
155.0000
11
45.5000
21
155.0000
0
LINE
8
GIZLI
6
HIDDEN
10
45.5000
20
155.0000
11
50.0000
21
155.0000
0
LINE
8
GIZLI
6
HIDDEN
10
50.0000
20
155.0000
11
54.5000
21
155.0000
0
LINE
8
GIZLI
6
HIDDEN
10
54.5000
20
155.0000
11
45.5000
21
155.0000
0
LINE
8
GIZLI
6
HIDDEN
10
45.5000
20
155.0000
11
50.0000
21
155.0000
0
LINE
8
GIZLI
6
HIDDEN
10
90.0000
20
155.0000
11
94.5000
21
155.0000
0
LINE
8
GIZLI
6
HIDDEN
10
94.5000
20
155.0000
11
85.5000
21
155.0000
0
LINE
8
GIZLI
6
HIDDEN
10
85.5000
20
155.0000
11
90.0000
21
155.0000
0
LINE
8
GIZLI
6
HIDDEN
10
90.0000
20
155.0000
11
94.5000
21
155.0000
0
LINE
8
GIZLI
6
HIDDEN
10
94.5000
20
155.0000
11
85.5000
21
155.0000
0
LINE
8
GIZLI
6
HIDDEN
10
85.5000
20
155.0000
11
90.0000
21
155.0000
0
LINE
8
GIZLI
6
HIDDEN
10
100.0000
20
155.0000
11
100.0000
21
157.0000
0
LINE
8
GIZLI
6
HIDDEN
10
100.0000
20
233.0000
11
100.0000
21
157.0000
0
LINE
8
GIZLI
6
HIDDEN
10
100.0000
20
233.0000
11
100.0000
21
235.0000
0
LINE
8
GIZLI
6
HIDDEN
10
40.0000
20
155.0000
11
40.0000
21
157.0000
0
LINE
8
GIZLI
6
HIDDEN
10
40.0000
20
233.0000
11
40.0000
21
157.0000
0
LINE
8
GIZLI
6
HIDDEN
10
40.0000
20
233.0000
11
40.0000
21
235.0000
0
LINE
8
GIZLI
6
HIDDEN
10
50.0000
20
165.0000
11
54.5000
21
165.0000
0
LINE
8
GIZLI
6
HIDDEN
10
54.5000
20
165.0000
11
45.5000
21
165.0000
0
LINE
8
GIZLI
6
HIDDEN
10
45.5000
20
165.0000
11
50.0000
21
165.0000
0
LINE
8
GIZLI
6
HIDDEN
10
50.0000
20
165.0000
11
54.5000
21
165.0000
0
LINE
8
GIZLI
6
HIDDEN
10
54.5000
20
165.0000
11
45.5000
21
165.0000
0
LINE
8
GIZLI
6
HIDDEN
10
45.5000
20
165.0000
11
50.0000
21
165.0000
0
LINE
8
GIZLI
6
HIDDEN
10
90.0000
20
165.0000
11
94.5000
21
165.0000
0
LINE
8
GIZLI
6
HIDDEN
10
94.5000
20
165.0000
11
85.5000
21
165.0000
0
LINE
8
GIZLI
6
HIDDEN
10
85.5000
20
165.0000
11
90.0000
21
165.0000
0
LINE
8
GIZLI
6
HIDDEN
10
90.0000
20
165.0000
11
94.5000
21
165.0000
0
LINE
8
GIZLI
6
HIDDEN
10
94.5000
20
165.0000
11
85.5000
21
165.0000
0
LINE
8
GIZLI
6
HIDDEN
10
85.5000
20
165.0000
11
90.0000
21
165.0000
0
LINE
8
GIZLI
6
HIDDEN
10
58.6100
20
217.1400
11
58.5963
21
217.4138
0
LINE
8
GIZLI
6
HIDDEN
10
58.5963
20
217.4138
11
58.5555
21
217.6849
0
LINE
8
GIZLI
6
HIDDEN
10
58.5555
20
217.6849
11
58.4878
21
217.9506
0
LINE
8
GIZLI
6
HIDDEN
10
58.4878
20
217.9506
11
58.3941
21
218.2082
0
LINE
8
GIZLI
6
HIDDEN
10
58.3941
20
218.2082
11
58.2751
21
218.4552
0
LINE
8
GIZLI
6
HIDDEN
10
58.2751
20
218.4552
11
58.1322
21
218.6891
0
LINE
8
GIZLI
6
HIDDEN
10
58.1322
20
218.6891
11
57.9666
21
218.9077
0
LINE
8
GIZLI
6
HIDDEN
10
57.9666
20
218.9077
11
57.7802
21
219.1086
0
LINE
8
GIZLI
6
HIDDEN
10
57.7802
20
219.1086
11
57.5746
21
219.2900
0
LINE
8
GIZLI
6
HIDDEN
10
57.5746
20
219.2900
11
57.3520
21
219.4501
0
LINE
8
GIZLI
6
HIDDEN
10
57.3520
20
219.4501
11
57.1146
21
219.5871
0
LINE
8
GIZLI
6
HIDDEN
10
57.1146
20
219.5871
11
56.8647
21
219.6999
0
LINE
8
GIZLI
6
HIDDEN
10
56.8647
20
219.6999
11
56.6048
21
219.7872
0
LINE
8
GIZLI
6
HIDDEN
10
56.6048
20
219.7872
11
56.3375
21
219.8482
0
LINE
8
GIZLI
6
HIDDEN
10
56.3375
20
219.8482
11
56.0655
21
219.8823
0
LINE
8
GIZLI
6
HIDDEN
10
56.0655
20
219.8823
11
55.7914
21
219.8891
0
LINE
8
GIZLI
6
HIDDEN
10
55.7914
20
219.8891
11
55.5181
21
219.8687
0
LINE
8
GIZLI
6
HIDDEN
10
55.5181
20
219.8687
11
55.2481
21
219.8211
0
LINE
8
GIZLI
6
HIDDEN
10
55.2481
20
219.8211
11
54.9842
21
219.7468
0
LINE
8
GIZLI
6
HIDDEN
10
54.9842
20
219.7468
11
54.7290
21
219.6466
0
LINE
8
GIZLI
6
HIDDEN
10
54.7290
20
219.6466
11
54.4850
21
219.5216
0
LINE
8
GIZLI
6
HIDDEN
10
54.4850
20
219.5216
11
54.2547
21
219.3728
0
LINE
8
GIZLI
6
HIDDEN
10
54.2547
20
219.3728
11
54.0404
21
219.2019
0
LINE
8
GIZLI
6
HIDDEN
10
54.0404
20
219.2019
11
53.8441
21
219.0105
0
LINE
8
GIZLI
6
HIDDEN
10
53.8441
20
219.0105
11
53.6679
21
218.8005
0
LINE
8
GIZLI
6
HIDDEN
10
53.6679
20
218.8005
11
53.5135
21
218.5739
0
LINE
8
GIZLI
6
HIDDEN
10
53.5135
20
218.5739
11
53.3823
21
218.3332
0
LINE
8
GIZLI
6
HIDDEN
10
53.3823
20
218.3332
11
53.2758
21
218.0806
0
LINE
8
GIZLI
6
HIDDEN
10
53.2758
20
218.0806
11
53.1950
21
217.8186
0
LINE
8
GIZLI
6
HIDDEN
10
53.1950
20
217.8186
11
53.1407
21
217.5499
0
LINE
8
GIZLI
6
HIDDEN
10
53.1407
20
217.5499
11
53.1134
21
217.2771
0
LINE
8
GIZLI
6
HIDDEN
10
53.1134
20
217.2771
11
53.1134
21
217.0029
0
LINE
8
GIZLI
6
HIDDEN
10
53.1134
20
217.0029
11
53.1407
21
216.7301
0
LINE
8
GIZLI
6
HIDDEN
10
53.1407
20
216.7301
11
53.1950
21
216.4614
0
LINE
8
GIZLI
6
HIDDEN
10
53.1950
20
216.4614
11
53.2758
21
216.1994
0
LINE
8
GIZLI
6
HIDDEN
10
53.2758
20
216.1994
11
53.3823
21
215.9468
0
LINE
8
GIZLI
6
HIDDEN
10
53.3823
20
215.9468
11
53.5135
21
215.7061
0
LINE
8
GIZLI
6
HIDDEN
10
53.5135
20
215.7061
11
53.6679
21
215.4795
0
LINE
8
GIZLI
6
HIDDEN
10
53.6679
20
215.4795
11
53.8441
21
215.2695
0
LINE
8
GIZLI
6
HIDDEN
10
53.8441
20
215.2695
11
54.0404
21
215.0781
0
LINE
8
GIZLI
6
HIDDEN
10
54.0404
20
215.0781
11
54.2547
21
214.9072
0
LINE
8
GIZLI
6
HIDDEN
10
54.2547
20
214.9072
11
54.4850
21
214.7584
0
LINE
8
GIZLI
6
HIDDEN
10
54.4850
20
214.7584
11
54.7290
21
214.6334
0
LINE
8
GIZLI
6
HIDDEN
10
54.7290
20
214.6334
11
54.9842
21
214.5332
0
LINE
8
GIZLI
6
HIDDEN
10
54.9842
20
214.5332
11
55.2481
21
214.4589
0
LINE
8
GIZLI
6
HIDDEN
10
55.2481
20
214.4589
11
55.5181
21
214.4113
0
LINE
8
GIZLI
6
HIDDEN
10
55.5181
20
214.4113
11
55.7914
21
214.3909
0
LINE
8
GIZLI
6
HIDDEN
10
55.7914
20
214.3909
11
56.0655
21
214.3977
0
LINE
8
GIZLI
6
HIDDEN
10
56.0655
20
214.3977
11
56.3375
21
214.4318
0
LINE
8
GIZLI
6
HIDDEN
10
56.3375
20
214.4318
11
56.6048
21
214.4928
0
LINE
8
GIZLI
6
HIDDEN
10
56.6048
20
214.4928
11
56.8647
21
214.5801
0
LINE
8
GIZLI
6
HIDDEN
10
56.8647
20
214.5801
11
57.1146
21
214.6929
0
LINE
8
GIZLI
6
HIDDEN
10
57.1146
20
214.6929
11
57.3520
21
214.8299
0
LINE
8
GIZLI
6
HIDDEN
10
57.3520
20
214.8299
11
57.5746
21
214.9900
0
LINE
8
GIZLI
6
HIDDEN
10
57.5746
20
214.9900
11
57.7802
21
215.1714
0
LINE
8
GIZLI
6
HIDDEN
10
57.7802
20
215.1714
11
57.9666
21
215.3723
0
LINE
8
GIZLI
6
HIDDEN
10
57.9666
20
215.3723
11
58.1322
21
215.5909
0
LINE
8
GIZLI
6
HIDDEN
10
58.1322
20
215.5909
11
58.2751
21
215.8248
0
LINE
8
GIZLI
6
HIDDEN
10
58.2751
20
215.8248
11
58.3941
21
216.0718
0
LINE
8
GIZLI
6
HIDDEN
10
58.3941
20
216.0718
11
58.4878
21
216.3294
0
LINE
8
GIZLI
6
HIDDEN
10
58.4878
20
216.3294
11
58.5555
21
216.5951
0
LINE
8
GIZLI
6
HIDDEN
10
58.5555
20
216.5951
11
58.5963
21
216.8662
0
LINE
8
GIZLI
6
HIDDEN
10
58.5963
20
216.8662
11
58.6100
21
217.1400
0
LINE
8
GIZLI
6
HIDDEN
10
58.6100
20
188.8600
11
58.5963
21
189.1338
0
LINE
8
GIZLI
6
HIDDEN
10
58.5963
20
189.1338
11
58.5555
21
189.4049
0
LINE
8
GIZLI
6
HIDDEN
10
58.5555
20
189.4049
11
58.4878
21
189.6706
0
LINE
8
GIZLI
6
HIDDEN
10
58.4878
20
189.6706
11
58.3941
21
189.9282
0
LINE
8
GIZLI
6
HIDDEN
10
58.3941
20
189.9282
11
58.2751
21
190.1752
0
LINE
8
GIZLI
6
HIDDEN
10
58.2751
20
190.1752
11
58.1322
21
190.4091
0
LINE
8
GIZLI
6
HIDDEN
10
58.1322
20
190.4091
11
57.9666
21
190.6277
0
LINE
8
GIZLI
6
HIDDEN
10
57.9666
20
190.6277
11
57.7802
21
190.8286
0
LINE
8
GIZLI
6
HIDDEN
10
57.7802
20
190.8286
11
57.5746
21
191.0100
0
LINE
8
GIZLI
6
HIDDEN
10
57.5746
20
191.0100
11
57.3520
21
191.1701
0
LINE
8
GIZLI
6
HIDDEN
10
57.3520
20
191.1701
11
57.1146
21
191.3071
0
LINE
8
GIZLI
6
HIDDEN
10
57.1146
20
191.3071
11
56.8647
21
191.4199
0
LINE
8
GIZLI
6
HIDDEN
10
56.8647
20
191.4199
11
56.6048
21
191.5072
0
LINE
8
GIZLI
6
HIDDEN
10
56.6048
20
191.5072
11
56.3375
21
191.5682
0
LINE
8
GIZLI
6
HIDDEN
10
56.3375
20
191.5682
11
56.0655
21
191.6023
0
LINE
8
GIZLI
6
HIDDEN
10
56.0655
20
191.6023
11
55.7914
21
191.6091
0
LINE
8
GIZLI
6
HIDDEN
10
55.7914
20
191.6091
11
55.5181
21
191.5887
0
LINE
8
GIZLI
6
HIDDEN
10
55.5181
20
191.5887
11
55.2481
21
191.5411
0
LINE
8
GIZLI
6
HIDDEN
10
55.2481
20
191.5411
11
54.9842
21
191.4668
0
LINE
8
GIZLI
6
HIDDEN
10
54.9842
20
191.4668
11
54.7290
21
191.3666
0
LINE
8
GIZLI
6
HIDDEN
10
54.7290
20
191.3666
11
54.4850
21
191.2416
0
LINE
8
GIZLI
6
HIDDEN
10
54.4850
20
191.2416
11
54.2547
21
191.0928
0
LINE
8
GIZLI
6
HIDDEN
10
54.2547
20
191.0928
11
54.0404
21
190.9219
0
LINE
8
GIZLI
6
HIDDEN
10
54.0404
20
190.9219
11
53.8441
21
190.7305
0
LINE
8
GIZLI
6
HIDDEN
10
53.8441
20
190.7305
11
53.6679
21
190.5205
0
LINE
8
GIZLI
6
HIDDEN
10
53.6679
20
190.5205
11
53.5135
21
190.2939
0
LINE
8
GIZLI
6
HIDDEN
10
53.5135
20
190.2939
11
53.3823
21
190.0532
0
LINE
8
GIZLI
6
HIDDEN
10
53.3823
20
190.0532
11
53.2758
21
189.8006
0
LINE
8
GIZLI
6
HIDDEN
10
53.2758
20
189.8006
11
53.1950
21
189.5386
0
LINE
8
GIZLI
6
HIDDEN
10
53.1950
20
189.5386
11
53.1407
21
189.2699
0
LINE
8
GIZLI
6
HIDDEN
10
53.1407
20
189.2699
11
53.1134
21
188.9971
0
LINE
8
GIZLI
6
HIDDEN
10
53.1134
20
188.9971
11
53.1134
21
188.7229
0
LINE
8
GIZLI
6
HIDDEN
10
53.1134
20
188.7229
11
53.1407
21
188.4501
0
LINE
8
GIZLI
6
HIDDEN
10
53.1407
20
188.4501
11
53.1950
21
188.1814
0
LINE
8
GIZLI
6
HIDDEN
10
53.1950
20
188.1814
11
53.2758
21
187.9194
0
LINE
8
GIZLI
6
HIDDEN
10
53.2758
20
187.9194
11
53.3823
21
187.6668
0
LINE
8
GIZLI
6
HIDDEN
10
53.3823
20
187.6668
11
53.5135
21
187.4261
0
LINE
8
GIZLI
6
HIDDEN
10
53.5135
20
187.4261
11
53.6679
21
187.1995
0
LINE
8
GIZLI
6
HIDDEN
10
53.6679
20
187.1995
11
53.8441
21
186.9895
0
LINE
8
GIZLI
6
HIDDEN
10
53.8441
20
186.9895
11
54.0404
21
186.7981
0
LINE
8
GIZLI
6
HIDDEN
10
54.0404
20
186.7981
11
54.2547
21
186.6272
0
LINE
8
GIZLI
6
HIDDEN
10
54.2547
20
186.6272
11
54.4850
21
186.4784
0
LINE
8
GIZLI
6
HIDDEN
10
54.4850
20
186.4784
11
54.7290
21
186.3534
0
LINE
8
GIZLI
6
HIDDEN
10
54.7290
20
186.3534
11
54.9842
21
186.2532
0
LINE
8
GIZLI
6
HIDDEN
10
54.9842
20
186.2532
11
55.2481
21
186.1789
0
LINE
8
GIZLI
6
HIDDEN
10
55.2481
20
186.1789
11
55.5181
21
186.1313
0
LINE
8
GIZLI
6
HIDDEN
10
55.5181
20
186.1313
11
55.7914
21
186.1109
0
LINE
8
GIZLI
6
HIDDEN
10
55.7914
20
186.1109
11
56.0655
21
186.1177
0
LINE
8
GIZLI
6
HIDDEN
10
56.0655
20
186.1177
11
56.3375
21
186.1518
0
LINE
8
GIZLI
6
HIDDEN
10
56.3375
20
186.1518
11
56.6048
21
186.2128
0
LINE
8
GIZLI
6
HIDDEN
10
56.6048
20
186.2128
11
56.8647
21
186.3001
0
LINE
8
GIZLI
6
HIDDEN
10
56.8647
20
186.3001
11
57.1146
21
186.4129
0
LINE
8
GIZLI
6
HIDDEN
10
57.1146
20
186.4129
11
57.3520
21
186.5499
0
LINE
8
GIZLI
6
HIDDEN
10
57.3520
20
186.5499
11
57.5746
21
186.7100
0
LINE
8
GIZLI
6
HIDDEN
10
57.5746
20
186.7100
11
57.7802
21
186.8914
0
LINE
8
GIZLI
6
HIDDEN
10
57.7802
20
186.8914
11
57.9666
21
187.0923
0
LINE
8
GIZLI
6
HIDDEN
10
57.9666
20
187.0923
11
58.1322
21
187.3109
0
LINE
8
GIZLI
6
HIDDEN
10
58.1322
20
187.3109
11
58.2751
21
187.5448
0
LINE
8
GIZLI
6
HIDDEN
10
58.2751
20
187.5448
11
58.3941
21
187.7918
0
LINE
8
GIZLI
6
HIDDEN
10
58.3941
20
187.7918
11
58.4878
21
188.0494
0
LINE
8
GIZLI
6
HIDDEN
10
58.4878
20
188.0494
11
58.5555
21
188.3151
0
LINE
8
GIZLI
6
HIDDEN
10
58.5555
20
188.3151
11
58.5963
21
188.5862
0
LINE
8
GIZLI
6
HIDDEN
10
58.5963
20
188.5862
11
58.6100
21
188.8600
0
LINE
8
GIZLI
6
HIDDEN
10
86.8900
20
217.1400
11
86.8763
21
217.4138
0
LINE
8
GIZLI
6
HIDDEN
10
86.8763
20
217.4138
11
86.8355
21
217.6849
0
LINE
8
GIZLI
6
HIDDEN
10
86.8355
20
217.6849
11
86.7678
21
217.9506
0
LINE
8
GIZLI
6
HIDDEN
10
86.7678
20
217.9506
11
86.6741
21
218.2082
0
LINE
8
GIZLI
6
HIDDEN
10
86.6741
20
218.2082
11
86.5551
21
218.4552
0
LINE
8
GIZLI
6
HIDDEN
10
86.5551
20
218.4552
11
86.4122
21
218.6891
0
LINE
8
GIZLI
6
HIDDEN
10
86.4122
20
218.6891
11
86.2466
21
218.9077
0
LINE
8
GIZLI
6
HIDDEN
10
86.2466
20
218.9077
11
86.0602
21
219.1086
0
LINE
8
GIZLI
6
HIDDEN
10
86.0602
20
219.1086
11
85.8546
21
219.2900
0
LINE
8
GIZLI
6
HIDDEN
10
85.8546
20
219.2900
11
85.6320
21
219.4501
0
LINE
8
GIZLI
6
HIDDEN
10
85.6320
20
219.4501
11
85.3946
21
219.5871
0
LINE
8
GIZLI
6
HIDDEN
10
85.3946
20
219.5871
11
85.1447
21
219.6999
0
LINE
8
GIZLI
6
HIDDEN
10
85.1447
20
219.6999
11
84.8848
21
219.7872
0
LINE
8
GIZLI
6
HIDDEN
10
84.8848
20
219.7872
11
84.6175
21
219.8482
0
LINE
8
GIZLI
6
HIDDEN
10
84.6175
20
219.8482
11
84.3455
21
219.8823
0
LINE
8
GIZLI
6
HIDDEN
10
84.3455
20
219.8823
11
84.0714
21
219.8891
0
LINE
8
GIZLI
6
HIDDEN
10
84.0714
20
219.8891
11
83.7981
21
219.8687
0
LINE
8
GIZLI
6
HIDDEN
10
83.7981
20
219.8687
11
83.5281
21
219.8211
0
LINE
8
GIZLI
6
HIDDEN
10
83.5281
20
219.8211
11
83.2642
21
219.7468
0
LINE
8
GIZLI
6
HIDDEN
10
83.2642
20
219.7468
11
83.0090
21
219.6466
0
LINE
8
GIZLI
6
HIDDEN
10
83.0090
20
219.6466
11
82.7650
21
219.5216
0
LINE
8
GIZLI
6
HIDDEN
10
82.7650
20
219.5216
11
82.5347
21
219.3728
0
LINE
8
GIZLI
6
HIDDEN
10
82.5347
20
219.3728
11
82.3204
21
219.2019
0
LINE
8
GIZLI
6
HIDDEN
10
82.3204
20
219.2019
11
82.1241
21
219.0105
0
LINE
8
GIZLI
6
HIDDEN
10
82.1241
20
219.0105
11
81.9479
21
218.8005
0
LINE
8
GIZLI
6
HIDDEN
10
81.9479
20
218.8005
11
81.7935
21
218.5739
0
LINE
8
GIZLI
6
HIDDEN
10
81.7935
20
218.5739
11
81.6623
21
218.3332
0
LINE
8
GIZLI
6
HIDDEN
10
81.6623
20
218.3332
11
81.5558
21
218.0806
0
LINE
8
GIZLI
6
HIDDEN
10
81.5558
20
218.0806
11
81.4750
21
217.8186
0
LINE
8
GIZLI
6
HIDDEN
10
81.4750
20
217.8186
11
81.4207
21
217.5499
0
LINE
8
GIZLI
6
HIDDEN
10
81.4207
20
217.5499
11
81.3934
21
217.2771
0
LINE
8
GIZLI
6
HIDDEN
10
81.3934
20
217.2771
11
81.3934
21
217.0029
0
LINE
8
GIZLI
6
HIDDEN
10
81.3934
20
217.0029
11
81.4207
21
216.7301
0
LINE
8
GIZLI
6
HIDDEN
10
81.4207
20
216.7301
11
81.4750
21
216.4614
0
LINE
8
GIZLI
6
HIDDEN
10
81.4750
20
216.4614
11
81.5558
21
216.1994
0
LINE
8
GIZLI
6
HIDDEN
10
81.5558
20
216.1994
11
81.6623
21
215.9468
0
LINE
8
GIZLI
6
HIDDEN
10
81.6623
20
215.9468
11
81.7935
21
215.7061
0
LINE
8
GIZLI
6
HIDDEN
10
81.7935
20
215.7061
11
81.9479
21
215.4795
0
LINE
8
GIZLI
6
HIDDEN
10
81.9479
20
215.4795
11
82.1241
21
215.2695
0
LINE
8
GIZLI
6
HIDDEN
10
82.1241
20
215.2695
11
82.3204
21
215.0781
0
LINE
8
GIZLI
6
HIDDEN
10
82.3204
20
215.0781
11
82.5347
21
214.9072
0
LINE
8
GIZLI
6
HIDDEN
10
82.5347
20
214.9072
11
82.7650
21
214.7584
0
LINE
8
GIZLI
6
HIDDEN
10
82.7650
20
214.7584
11
83.0090
21
214.6334
0
LINE
8
GIZLI
6
HIDDEN
10
83.0090
20
214.6334
11
83.2642
21
214.5332
0
LINE
8
GIZLI
6
HIDDEN
10
83.2642
20
214.5332
11
83.5281
21
214.4589
0
LINE
8
GIZLI
6
HIDDEN
10
83.5281
20
214.4589
11
83.7981
21
214.4113
0
LINE
8
GIZLI
6
HIDDEN
10
83.7981
20
214.4113
11
84.0714
21
214.3909
0
LINE
8
GIZLI
6
HIDDEN
10
84.0714
20
214.3909
11
84.3455
21
214.3977
0
LINE
8
GIZLI
6
HIDDEN
10
84.3455
20
214.3977
11
84.6175
21
214.4318
0
LINE
8
GIZLI
6
HIDDEN
10
84.6175
20
214.4318
11
84.8848
21
214.4928
0
LINE
8
GIZLI
6
HIDDEN
10
84.8848
20
214.4928
11
85.1447
21
214.5801
0
LINE
8
GIZLI
6
HIDDEN
10
85.1447
20
214.5801
11
85.3946
21
214.6929
0
LINE
8
GIZLI
6
HIDDEN
10
85.3946
20
214.6929
11
85.6320
21
214.8299
0
LINE
8
GIZLI
6
HIDDEN
10
85.6320
20
214.8299
11
85.8546
21
214.9900
0
LINE
8
GIZLI
6
HIDDEN
10
85.8546
20
214.9900
11
86.0602
21
215.1714
0
LINE
8
GIZLI
6
HIDDEN
10
86.0602
20
215.1714
11
86.2466
21
215.3723
0
LINE
8
GIZLI
6
HIDDEN
10
86.2466
20
215.3723
11
86.4122
21
215.5909
0
LINE
8
GIZLI
6
HIDDEN
10
86.4122
20
215.5909
11
86.5551
21
215.8248
0
LINE
8
GIZLI
6
HIDDEN
10
86.5551
20
215.8248
11
86.6741
21
216.0718
0
LINE
8
GIZLI
6
HIDDEN
10
86.6741
20
216.0718
11
86.7678
21
216.3294
0
LINE
8
GIZLI
6
HIDDEN
10
86.7678
20
216.3294
11
86.8355
21
216.5951
0
LINE
8
GIZLI
6
HIDDEN
10
86.8355
20
216.5951
11
86.8763
21
216.8662
0
LINE
8
GIZLI
6
HIDDEN
10
86.8763
20
216.8662
11
86.8900
21
217.1400
0
LINE
8
GIZLI
6
HIDDEN
10
81.0000
20
203.0000
11
80.9453
21
204.0952
0
LINE
8
GIZLI
6
HIDDEN
10
80.9453
20
204.0952
11
80.7819
21
205.1796
0
LINE
8
GIZLI
6
HIDDEN
10
80.7819
20
205.1796
11
80.5113
21
206.2423
0
LINE
8
GIZLI
6
HIDDEN
10
80.5113
20
206.2423
11
80.1362
21
207.2728
0
LINE
8
GIZLI
6
HIDDEN
10
80.1362
20
207.2728
11
79.6604
21
208.2608
0
LINE
8
GIZLI
6
HIDDEN
10
79.6604
20
208.2608
11
79.0886
21
209.1965
0
LINE
8
GIZLI
6
HIDDEN
10
79.0886
20
209.1965
11
78.4265
21
210.0707
0
LINE
8
GIZLI
6
HIDDEN
10
78.4265
20
210.0707
11
77.6806
21
210.8745
0
LINE
8
GIZLI
6
HIDDEN
10
77.6806
20
210.8745
11
76.8584
21
211.6001
0
LINE
8
GIZLI
6
HIDDEN
10
76.8584
20
211.6001
11
75.9680
21
212.2403
0
LINE
8
GIZLI
6
HIDDEN
10
75.9680
20
212.2403
11
75.0183
21
212.7886
0
LINE
8
GIZLI
6
HIDDEN
10
75.0183
20
212.7886
11
74.0188
21
213.2396
0
LINE
8
GIZLI
6
HIDDEN
10
74.0188
20
213.2396
11
72.9792
21
213.5889
0
LINE
8
GIZLI
6
HIDDEN
10
72.9792
20
213.5889
11
71.9101
21
213.8329
0
LINE
8
GIZLI
6
HIDDEN
10
71.9101
20
213.8329
11
70.8220
21
213.9692
0
LINE
8
GIZLI
6
HIDDEN
10
70.8220
20
213.9692
11
69.7258
21
213.9966
0
LINE
8
GIZLI
6
HIDDEN
10
69.7258
20
213.9966
11
68.6322
21
213.9146
0
LINE
8
GIZLI
6
HIDDEN
10
68.6322
20
213.9146
11
67.5523
21
213.7242
0
LINE
8
GIZLI
6
HIDDEN
10
67.5523
20
213.7242
11
66.4966
21
213.4272
0
LINE
8
GIZLI
6
HIDDEN
10
66.4966
20
213.4272
11
65.4758
21
213.0266
0
LINE
8
GIZLI
6
HIDDEN
10
65.4758
20
213.0266
11
64.5000
21
212.5263
0
LINE
8
GIZLI
6
HIDDEN
10
64.5000
20
212.5263
11
63.5788
21
211.9313
0
LINE
8
GIZLI
6
HIDDEN
10
63.5788
20
211.9313
11
62.7215
21
211.2476
0
LINE
8
GIZLI
6
HIDDEN
10
62.7215
20
211.2476
11
61.9364
21
210.4819
0
LINE
8
GIZLI
6
HIDDEN
10
61.9364
20
210.4819
11
61.2315
21
209.6418
0
LINE
8
GIZLI
6
HIDDEN
10
61.2315
20
209.6418
11
60.6138
21
208.7358
0
LINE
8
GIZLI
6
HIDDEN
10
60.6138
20
208.7358
11
60.0893
21
207.7727
0
LINE
8
GIZLI
6
HIDDEN
10
60.0893
20
207.7727
11
59.6634
21
206.7622
0
LINE
8
GIZLI
6
HIDDEN
10
59.6634
20
206.7622
11
59.3401
21
205.7143
0
LINE
8
GIZLI
6
HIDDEN
10
59.3401
20
205.7143
11
59.1229
21
204.6395
0
LINE
8
GIZLI
6
HIDDEN
10
59.1229
20
204.6395
11
59.0137
21
203.5483
0
LINE
8
GIZLI
6
HIDDEN
10
59.0137
20
203.5483
11
59.0137
21
202.4517
0
LINE
8
GIZLI
6
HIDDEN
10
59.0137
20
202.4517
11
59.1229
21
201.3605
0
LINE
8
GIZLI
6
HIDDEN
10
59.1229
20
201.3605
11
59.3401
21
200.2857
0
LINE
8
GIZLI
6
HIDDEN
10
59.3401
20
200.2857
11
59.6634
21
199.2378
0
LINE
8
GIZLI
6
HIDDEN
10
59.6634
20
199.2378
11
60.0893
21
198.2273
0
LINE
8
GIZLI
6
HIDDEN
10
60.0893
20
198.2273
11
60.6138
21
197.2642
0
LINE
8
GIZLI
6
HIDDEN
10
60.6138
20
197.2642
11
61.2315
21
196.3582
0
LINE
8
GIZLI
6
HIDDEN
10
61.2315
20
196.3582
11
61.9364
21
195.5181
0
LINE
8
GIZLI
6
HIDDEN
10
61.9364
20
195.5181
11
62.7215
21
194.7524
0
LINE
8
GIZLI
6
HIDDEN
10
62.7215
20
194.7524
11
63.5788
21
194.0687
0
LINE
8
GIZLI
6
HIDDEN
10
63.5788
20
194.0687
11
64.5000
21
193.4737
0
LINE
8
GIZLI
6
HIDDEN
10
64.5000
20
193.4737
11
65.4758
21
192.9734
0
LINE
8
GIZLI
6
HIDDEN
10
65.4758
20
192.9734
11
66.4966
21
192.5728
0
LINE
8
GIZLI
6
HIDDEN
10
66.4966
20
192.5728
11
67.5523
21
192.2758
0
LINE
8
GIZLI
6
HIDDEN
10
67.5523
20
192.2758
11
68.6322
21
192.0854
0
LINE
8
GIZLI
6
HIDDEN
10
68.6322
20
192.0854
11
69.7258
21
192.0034
0
LINE
8
GIZLI
6
HIDDEN
10
69.7258
20
192.0034
11
70.8220
21
192.0308
0
LINE
8
GIZLI
6
HIDDEN
10
70.8220
20
192.0308
11
71.9101
21
192.1671
0
LINE
8
GIZLI
6
HIDDEN
10
71.9101
20
192.1671
11
72.9792
21
192.4111
0
LINE
8
GIZLI
6
HIDDEN
10
72.9792
20
192.4111
11
74.0188
21
192.7604
0
LINE
8
GIZLI
6
HIDDEN
10
74.0188
20
192.7604
11
75.0183
21
193.2114
0
LINE
8
GIZLI
6
HIDDEN
10
75.0183
20
193.2114
11
75.9680
21
193.7597
0
LINE
8
GIZLI
6
HIDDEN
10
75.9680
20
193.7597
11
76.8584
21
194.3999
0
LINE
8
GIZLI
6
HIDDEN
10
76.8584
20
194.3999
11
77.6806
21
195.1255
0
LINE
8
GIZLI
6
HIDDEN
10
77.6806
20
195.1255
11
78.4265
21
195.9293
0
LINE
8
GIZLI
6
HIDDEN
10
78.4265
20
195.9293
11
79.0886
21
196.8035
0
LINE
8
GIZLI
6
HIDDEN
10
79.0886
20
196.8035
11
79.6604
21
197.7392
0
LINE
8
GIZLI
6
HIDDEN
10
79.6604
20
197.7392
11
80.1362
21
198.7272
0
LINE
8
GIZLI
6
HIDDEN
10
80.1362
20
198.7272
11
80.5113
21
199.7577
0
LINE
8
GIZLI
6
HIDDEN
10
80.5113
20
199.7577
11
80.7819
21
200.8204
0
LINE
8
GIZLI
6
HIDDEN
10
80.7819
20
200.8204
11
80.9453
21
201.9048
0
LINE
8
GIZLI
6
HIDDEN
10
80.9453
20
201.9048
11
81.0000
21
203.0000
0
LINE
8
GIZLI
6
HIDDEN
10
86.8900
20
188.8600
11
86.8763
21
189.1338
0
LINE
8
GIZLI
6
HIDDEN
10
86.8763
20
189.1338
11
86.8355
21
189.4049
0
LINE
8
GIZLI
6
HIDDEN
10
86.8355
20
189.4049
11
86.7678
21
189.6706
0
LINE
8
GIZLI
6
HIDDEN
10
86.7678
20
189.6706
11
86.6741
21
189.9282
0
LINE
8
GIZLI
6
HIDDEN
10
86.6741
20
189.9282
11
86.5551
21
190.1752
0
LINE
8
GIZLI
6
HIDDEN
10
86.5551
20
190.1752
11
86.4122
21
190.4091
0
LINE
8
GIZLI
6
HIDDEN
10
86.4122
20
190.4091
11
86.2466
21
190.6277
0
LINE
8
GIZLI
6
HIDDEN
10
86.2466
20
190.6277
11
86.0602
21
190.8286
0
LINE
8
GIZLI
6
HIDDEN
10
86.0602
20
190.8286
11
85.8546
21
191.0100
0
LINE
8
GIZLI
6
HIDDEN
10
85.8546
20
191.0100
11
85.6320
21
191.1701
0
LINE
8
GIZLI
6
HIDDEN
10
85.6320
20
191.1701
11
85.3946
21
191.3071
0
LINE
8
GIZLI
6
HIDDEN
10
85.3946
20
191.3071
11
85.1447
21
191.4199
0
LINE
8
GIZLI
6
HIDDEN
10
85.1447
20
191.4199
11
84.8848
21
191.5072
0
LINE
8
GIZLI
6
HIDDEN
10
84.8848
20
191.5072
11
84.6175
21
191.5682
0
LINE
8
GIZLI
6
HIDDEN
10
84.6175
20
191.5682
11
84.3455
21
191.6023
0
LINE
8
GIZLI
6
HIDDEN
10
84.3455
20
191.6023
11
84.0714
21
191.6091
0
LINE
8
GIZLI
6
HIDDEN
10
84.0714
20
191.6091
11
83.7981
21
191.5887
0
LINE
8
GIZLI
6
HIDDEN
10
83.7981
20
191.5887
11
83.5281
21
191.5411
0
LINE
8
GIZLI
6
HIDDEN
10
83.5281
20
191.5411
11
83.2642
21
191.4668
0
LINE
8
GIZLI
6
HIDDEN
10
83.2642
20
191.4668
11
83.0090
21
191.3666
0
LINE
8
GIZLI
6
HIDDEN
10
83.0090
20
191.3666
11
82.7650
21
191.2416
0
LINE
8
GIZLI
6
HIDDEN
10
82.7650
20
191.2416
11
82.5347
21
191.0928
0
LINE
8
GIZLI
6
HIDDEN
10
82.5347
20
191.0928
11
82.3204
21
190.9219
0
LINE
8
GIZLI
6
HIDDEN
10
82.3204
20
190.9219
11
82.1241
21
190.7305
0
LINE
8
GIZLI
6
HIDDEN
10
82.1241
20
190.7305
11
81.9479
21
190.5205
0
LINE
8
GIZLI
6
HIDDEN
10
81.9479
20
190.5205
11
81.7935
21
190.2939
0
LINE
8
GIZLI
6
HIDDEN
10
81.7935
20
190.2939
11
81.6623
21
190.0532
0
LINE
8
GIZLI
6
HIDDEN
10
81.6623
20
190.0532
11
81.5558
21
189.8006
0
LINE
8
GIZLI
6
HIDDEN
10
81.5558
20
189.8006
11
81.4750
21
189.5386
0
LINE
8
GIZLI
6
HIDDEN
10
81.4750
20
189.5386
11
81.4207
21
189.2699
0
LINE
8
GIZLI
6
HIDDEN
10
81.4207
20
189.2699
11
81.3934
21
188.9971
0
LINE
8
GIZLI
6
HIDDEN
10
81.3934
20
188.9971
11
81.3934
21
188.7229
0
LINE
8
GIZLI
6
HIDDEN
10
81.3934
20
188.7229
11
81.4207
21
188.4501
0
LINE
8
GIZLI
6
HIDDEN
10
81.4207
20
188.4501
11
81.4750
21
188.1814
0
LINE
8
GIZLI
6
HIDDEN
10
81.4750
20
188.1814
11
81.5558
21
187.9194
0
LINE
8
GIZLI
6
HIDDEN
10
81.5558
20
187.9194
11
81.6623
21
187.6668
0
LINE
8
GIZLI
6
HIDDEN
10
81.6623
20
187.6668
11
81.7935
21
187.4261
0
LINE
8
GIZLI
6
HIDDEN
10
81.7935
20
187.4261
11
81.9479
21
187.1995
0
LINE
8
GIZLI
6
HIDDEN
10
81.9479
20
187.1995
11
82.1241
21
186.9895
0
LINE
8
GIZLI
6
HIDDEN
10
82.1241
20
186.9895
11
82.3204
21
186.7981
0
LINE
8
GIZLI
6
HIDDEN
10
82.3204
20
186.7981
11
82.5347
21
186.6272
0
LINE
8
GIZLI
6
HIDDEN
10
82.5347
20
186.6272
11
82.7650
21
186.4784
0
LINE
8
GIZLI
6
HIDDEN
10
82.7650
20
186.4784
11
83.0090
21
186.3534
0
LINE
8
GIZLI
6
HIDDEN
10
83.0090
20
186.3534
11
83.2642
21
186.2532
0
LINE
8
GIZLI
6
HIDDEN
10
83.2642
20
186.2532
11
83.5281
21
186.1789
0
LINE
8
GIZLI
6
HIDDEN
10
83.5281
20
186.1789
11
83.7981
21
186.1313
0
LINE
8
GIZLI
6
HIDDEN
10
83.7981
20
186.1313
11
84.0714
21
186.1109
0
LINE
8
GIZLI
6
HIDDEN
10
84.0714
20
186.1109
11
84.3455
21
186.1177
0
LINE
8
GIZLI
6
HIDDEN
10
84.3455
20
186.1177
11
84.6175
21
186.1518
0
LINE
8
GIZLI
6
HIDDEN
10
84.6175
20
186.1518
11
84.8848
21
186.2128
0
LINE
8
GIZLI
6
HIDDEN
10
84.8848
20
186.2128
11
85.1447
21
186.3001
0
LINE
8
GIZLI
6
HIDDEN
10
85.1447
20
186.3001
11
85.3946
21
186.4129
0
LINE
8
GIZLI
6
HIDDEN
10
85.3946
20
186.4129
11
85.6320
21
186.5499
0
LINE
8
GIZLI
6
HIDDEN
10
85.6320
20
186.5499
11
85.8546
21
186.7100
0
LINE
8
GIZLI
6
HIDDEN
10
85.8546
20
186.7100
11
86.0602
21
186.8914
0
LINE
8
GIZLI
6
HIDDEN
10
86.0602
20
186.8914
11
86.2466
21
187.0923
0
LINE
8
GIZLI
6
HIDDEN
10
86.2466
20
187.0923
11
86.4122
21
187.3109
0
LINE
8
GIZLI
6
HIDDEN
10
86.4122
20
187.3109
11
86.5551
21
187.5448
0
LINE
8
GIZLI
6
HIDDEN
10
86.5551
20
187.5448
11
86.6741
21
187.7918
0
LINE
8
GIZLI
6
HIDDEN
10
86.6741
20
187.7918
11
86.7678
21
188.0494
0
LINE
8
GIZLI
6
HIDDEN
10
86.7678
20
188.0494
11
86.8355
21
188.3151
0
LINE
8
GIZLI
6
HIDDEN
10
86.8355
20
188.3151
11
86.8763
21
188.5862
0
LINE
8
GIZLI
6
HIDDEN
10
86.8763
20
188.5862
11
86.8900
21
188.8600
0
LINE
8
GIZLI
6
HIDDEN
10
100.0000
20
235.0000
11
40.0000
21
235.0000
0
LINE
8
GIZLI
6
HIDDEN
10
100.0000
20
165.0000
11
74.0000
21
165.0000
0
LINE
8
GIZLI
6
HIDDEN
10
66.0000
20
165.0000
11
40.0000
21
165.0000
0
LINE
8
GIZLI
6
HIDDEN
10
74.0000
20
165.0000
11
66.0000
21
165.0000
0
LINE
8
GIZLI
6
HIDDEN
10
74.0000
20
165.0000
11
74.0000
21
167.0000
0
LINE
8
GIZLI
6
HIDDEN
10
74.0000
20
188.0000
11
74.0000
21
167.0000
0
LINE
8
GIZLI
6
HIDDEN
10
66.0000
20
188.0000
11
66.0000
21
167.0000
0
LINE
8
GIZLI
6
HIDDEN
10
66.0000
20
165.0000
11
66.0000
21
167.0000
0
LINE
8
GIZLI
6
HIDDEN
10
45.5000
20
165.0000
11
45.5000
21
155.0000
0
LINE
8
GIZLI
6
HIDDEN
10
54.5000
20
165.0000
11
54.5000
21
155.0000
0
LINE
8
GIZLI
6
HIDDEN
10
45.5000
20
165.0000
11
45.5000
21
155.0000
0
LINE
8
GIZLI
6
HIDDEN
10
54.5000
20
165.0000
11
54.5000
21
155.0000
0
LINE
8
GIZLI
6
HIDDEN
10
85.5000
20
165.0000
11
85.5000
21
155.0000
0
LINE
8
GIZLI
6
HIDDEN
10
94.5000
20
165.0000
11
94.5000
21
155.0000
0
LINE
8
GIZLI
6
HIDDEN
10
85.5000
20
165.0000
11
85.5000
21
155.0000
0
LINE
8
GIZLI
6
HIDDEN
10
94.5000
20
165.0000
11
94.5000
21
155.0000
0
LINE
8
EKSEN
6
CENTER
10
50.6100
20
217.1400
11
61.1100
21
217.1400
0
LINE
8
EKSEN
6
CENTER
10
55.8600
20
211.8900
11
55.8600
21
222.3900
0
LINE
8
EKSEN
6
CENTER
10
50.6100
20
188.8600
11
61.1100
21
188.8600
0
LINE
8
EKSEN
6
CENTER
10
55.8600
20
183.6100
11
55.8600
21
194.1100
0
LINE
8
EKSEN
6
CENTER
10
78.8900
20
217.1400
11
89.3900
21
217.1400
0
LINE
8
EKSEN
6
CENTER
10
84.1400
20
211.8900
11
84.1400
21
222.3900
0
LINE
8
EKSEN
6
CENTER
10
56.5000
20
203.0000
11
83.5000
21
203.0000
0
LINE
8
EKSEN
6
CENTER
10
70.0000
20
189.5000
11
70.0000
21
216.5000
0
LINE
8
EKSEN
6
CENTER
10
78.8900
20
188.8600
11
89.3900
21
188.8600
0
LINE
8
EKSEN
6
CENTER
10
84.1400
20
183.6100
11
84.1400
21
194.1100
0
LINE
8
EKSEN
6
CENTER
10
80.0000
20
157.0000
11
60.0000
21
157.0000
0
LINE
8
EKSEN
6
CENTER
10
50.0000
20
167.5000
11
50.0000
21
152.5000
0
LINE
8
EKSEN
6
CENTER
10
90.0000
20
167.5000
11
90.0000
21
152.5000
0
LINE
8
EKSEN
6
CENTER
10
80.0000
20
233.0000
11
60.0000
21
233.0000
0
LINE
8
EKSEN
6
CENTER
10
80.0000
20
163.0000
11
60.0000
21
163.0000
0
LINE
8
EKSEN
6
CENTER
10
92.7500
20
167.0000
11
81.2500
21
167.0000
0
LINE
8
EKSEN
6
CENTER
10
58.7500
20
167.0000
11
47.2500
21
167.0000
0
LINE
8
GORUNEN
6
CONTINUOUS
10
271.3101
20
161.7298
11
346.2635
21
118.4555
0
LINE
8
GORUNEN
6
CONTINUOUS
10
389.6899
20
142.8514
11
389.7414
21
142.8844
0
LINE
8
GORUNEN
6
CONTINUOUS
10
389.7414
20
142.8844
11
389.7901
21
142.9222
0
LINE
8
GORUNEN
6
CONTINUOUS
10
389.7901
20
142.9222
11
389.8356
21
142.9647
0
LINE
8
GORUNEN
6
CONTINUOUS
10
389.8356
20
142.9647
11
389.8779
21
143.0117
0
LINE
8
GORUNEN
6
CONTINUOUS
10
389.8779
20
143.0117
11
389.9169
21
143.0631
0
LINE
8
GORUNEN
6
CONTINUOUS
10
389.9169
20
143.0631
11
389.9524
21
143.1188
0
LINE
8
GORUNEN
6
CONTINUOUS
10
389.9524
20
143.1188
11
389.9844
21
143.1786
0
LINE
8
GORUNEN
6
CONTINUOUS
10
389.9844
20
143.1786
11
390.0128
21
143.2424
0
LINE
8
GORUNEN
6
CONTINUOUS
10
390.0128
20
143.2424
11
390.0374
21
143.3099
0
LINE
8
GORUNEN
6
CONTINUOUS
10
390.0374
20
143.3099
11
390.0583
21
143.3811
0
LINE
8
GORUNEN
6
CONTINUOUS
10
390.0583
20
143.3811
11
390.0753
21
143.4556
0
LINE
8
GORUNEN
6
CONTINUOUS
10
390.0753
20
143.4556
11
390.0884
21
143.5332
0
LINE
8
GORUNEN
6
CONTINUOUS
10
390.0884
20
143.5332
11
390.1001
21
143.6475
0
LINE
8
GORUNEN
6
CONTINUOUS
10
390.1001
20
143.6475
11
390.1041
21
143.7669
0
LINE
8
GORUNEN
6
CONTINUOUS
10
390.1041
20
143.7669
11
390.1041
21
148.6659
0
LINE
8
GORUNEN
6
CONTINUOUS
10
312.7365
20
251.6435
11
312.7909
21
251.6717
0
LINE
8
GORUNEN
6
CONTINUOUS
10
312.7909
20
251.6717
11
312.8480
21
251.6949
0
LINE
8
GORUNEN
6
CONTINUOUS
10
312.8480
20
251.6949
11
312.9075
21
251.7131
0
LINE
8
GORUNEN
6
CONTINUOUS
10
312.9075
20
251.7131
11
312.9694
21
251.7262
0
LINE
8
GORUNEN
6
CONTINUOUS
10
312.9694
20
251.7262
11
313.0334
21
251.7343
0
LINE
8
GORUNEN
6
CONTINUOUS
10
313.0334
20
251.7343
11
313.0995
21
251.7372
0
LINE
8
GORUNEN
6
CONTINUOUS
10
313.0995
20
251.7372
11
313.1673
21
251.7350
0
LINE
8
GORUNEN
6
CONTINUOUS
10
313.1673
20
251.7350
11
313.2367
21
251.7277
0
LINE
8
GORUNEN
6
CONTINUOUS
10
313.2367
20
251.7277
11
313.3075
21
251.7152
0
LINE
8
GORUNEN
6
CONTINUOUS
10
313.3075
20
251.7152
11
313.3795
21
251.6977
0
LINE
8
GORUNEN
6
CONTINUOUS
10
313.3795
20
251.6977
11
313.4525
21
251.6752
0
LINE
8
GORUNEN
6
CONTINUOUS
10
313.4525
20
251.6752
11
313.5263
21
251.6477
0
LINE
8
GORUNEN
6
CONTINUOUS
10
313.5263
20
251.6477
11
313.6311
21
251.6008
0
LINE
8
GORUNEN
6
CONTINUOUS
10
313.6311
20
251.6008
11
313.7365
21
251.5445
0
LINE
8
GORUNEN
6
CONTINUOUS
10
390.1041
20
148.6659
11
390.0943
21
148.8635
0
LINE
8
GORUNEN
6
CONTINUOUS
10
390.0943
20
148.8635
11
390.0650
21
149.0697
0
LINE
8
GORUNEN
6
CONTINUOUS
10
390.0650
20
149.0697
11
390.0167
21
149.2816
0
LINE
8
GORUNEN
6
CONTINUOUS
10
390.0167
20
149.2816
11
389.9499
21
149.4963
0
LINE
8
GORUNEN
6
CONTINUOUS
10
389.9499
20
149.4963
11
389.8657
21
149.7107
0
LINE
8
GORUNEN
6
CONTINUOUS
10
389.8657
20
149.7107
11
389.7652
21
149.9221
0
LINE
8
GORUNEN
6
CONTINUOUS
10
389.7652
20
149.9221
11
389.6498
21
150.1273
0
LINE
8
GORUNEN
6
CONTINUOUS
10
389.6498
20
150.1273
11
389.5211
21
150.3236
0
LINE
8
GORUNEN
6
CONTINUOUS
10
389.5211
20
150.3236
11
389.3809
21
150.5082
0
LINE
8
GORUNEN
6
CONTINUOUS
10
389.3809
20
150.5082
11
389.2311
21
150.6786
0
LINE
8
GORUNEN
6
CONTINUOUS
10
389.2311
20
150.6786
11
389.0737
21
150.8325
0
LINE
8
GORUNEN
6
CONTINUOUS
10
389.0737
20
150.8325
11
388.9111
21
150.9676
0
LINE
8
GORUNEN
6
CONTINUOUS
10
388.9111
20
150.9676
11
388.8008
21
151.0463
0
LINE
8
GORUNEN
6
CONTINUOUS
10
388.8008
20
151.0463
11
388.6899
21
151.1154
0
LINE
8
GORUNEN
6
CONTINUOUS
10
317.9792
20
249.0950
11
313.7365
21
251.5445
0
LINE
8
GORUNEN
6
CONTINUOUS
10
388.6899
20
151.1154
11
320.8076
21
190.3072
0
LINE
8
GORUNEN
6
CONTINUOUS
10
317.9792
20
249.0950
11
318.1454
21
248.9877
0
LINE
8
GORUNEN
6
CONTINUOUS
10
318.1454
20
248.9877
11
318.3093
21
248.8593
0
LINE
8
GORUNEN
6
CONTINUOUS
10
318.3093
20
248.8593
11
318.4687
21
248.7114
0
LINE
8
GORUNEN
6
CONTINUOUS
10
318.4687
20
248.7114
11
318.6212
21
248.5463
0
LINE
8
GORUNEN
6
CONTINUOUS
10
318.6212
20
248.5463
11
318.7649
21
248.3662
0
LINE
8
GORUNEN
6
CONTINUOUS
10
318.7649
20
248.3662
11
318.8976
21
248.1735
0
LINE
8
GORUNEN
6
CONTINUOUS
10
318.8976
20
248.1735
11
319.0177
21
247.9709
0
LINE
8
GORUNEN
6
CONTINUOUS
10
319.0177
20
247.9709
11
319.1233
21
247.7613
0
LINE
8
GORUNEN
6
CONTINUOUS
10
319.1233
20
247.7613
11
319.2131
21
247.5475
0
LINE
8
GORUNEN
6
CONTINUOUS
10
319.2131
20
247.5475
11
319.2857
21
247.3326
0
LINE
8
GORUNEN
6
CONTINUOUS
10
319.2857
20
247.3326
11
319.3403
21
247.1194
0
LINE
8
GORUNEN
6
CONTINUOUS
10
319.3403
20
247.1194
11
319.3760
21
246.9110
0
LINE
8
GORUNEN
6
CONTINUOUS
10
319.3760
20
246.9110
11
319.3890
21
246.7761
0
LINE
8
GORUNEN
6
CONTINUOUS
10
319.3890
20
246.7761
11
319.3934
21
246.6455
0
LINE
8
GORUNEN
6
CONTINUOUS
10
320.8076
20
190.3072
11
320.6414
21
190.4145
0
LINE
8
GORUNEN
6
CONTINUOUS
10
320.6414
20
190.4145
11
320.4775
21
190.5430
0
LINE
8
GORUNEN
6
CONTINUOUS
10
320.4775
20
190.5430
11
320.3181
21
190.6908
0
LINE
8
GORUNEN
6
CONTINUOUS
10
320.3181
20
190.6908
11
320.1656
21
190.8559
0
LINE
8
GORUNEN
6
CONTINUOUS
10
320.1656
20
190.8559
11
320.0219
21
191.0361
0
LINE
8
GORUNEN
6
CONTINUOUS
10
320.0219
20
191.0361
11
319.8892
21
191.2288
0
LINE
8
GORUNEN
6
CONTINUOUS
10
319.8892
20
191.2288
11
319.7691
21
191.4313
0
LINE
8
GORUNEN
6
CONTINUOUS
10
319.7691
20
191.4313
11
319.6635
21
191.6409
0
LINE
8
GORUNEN
6
CONTINUOUS
10
319.6635
20
191.6409
11
319.5737
21
191.8547
0
LINE
8
GORUNEN
6
CONTINUOUS
10
319.5737
20
191.8547
11
319.5010
21
192.0696
0
LINE
8
GORUNEN
6
CONTINUOUS
10
319.5010
20
192.0696
11
319.4465
21
192.2828
0
LINE
8
GORUNEN
6
CONTINUOUS
10
319.4465
20
192.2828
11
319.4108
21
192.4912
0
LINE
8
GORUNEN
6
CONTINUOUS
10
319.4108
20
192.4912
11
319.3978
21
192.6261
0
LINE
8
GORUNEN
6
CONTINUOUS
10
319.3978
20
192.6261
11
319.3934
21
192.7567
0
LINE
8
GORUNEN
6
CONTINUOUS
10
319.3934
20
192.7567
11
319.3934
21
246.6455
0
LINE
8
GORUNEN
6
CONTINUOUS
10
271.3101
20
161.7298
11
271.1439
21
161.8371
0
LINE
8
GORUNEN
6
CONTINUOUS
10
271.1439
20
161.8371
11
270.9800
21
161.9656
0
LINE
8
GORUNEN
6
CONTINUOUS
10
270.9800
20
161.9656
11
270.8207
21
162.1134
0
LINE
8
GORUNEN
6
CONTINUOUS
10
270.8207
20
162.1134
11
270.6681
21
162.2785
0
LINE
8
GORUNEN
6
CONTINUOUS
10
270.6681
20
162.2785
11
270.5244
21
162.4587
0
LINE
8
GORUNEN
6
CONTINUOUS
10
270.5244
20
162.4587
11
270.3917
21
162.6514
0
LINE
8
GORUNEN
6
CONTINUOUS
10
270.3917
20
162.6514
11
270.2716
21
162.8539
0
LINE
8
GORUNEN
6
CONTINUOUS
10
270.2716
20
162.8539
11
270.1660
21
163.0636
0
LINE
8
GORUNEN
6
CONTINUOUS
10
270.1660
20
163.0636
11
270.0762
21
163.2773
0
LINE
8
GORUNEN
6
CONTINUOUS
10
270.0762
20
163.2773
11
270.0036
21
163.4923
0
LINE
8
GORUNEN
6
CONTINUOUS
10
270.0036
20
163.4923
11
269.9490
21
163.7054
0
LINE
8
GORUNEN
6
CONTINUOUS
10
269.9490
20
163.7054
11
269.9133
21
163.9138
0
LINE
8
GORUNEN
6
CONTINUOUS
10
269.9133
20
163.9138
11
269.9003
21
164.0487
0
LINE
8
GORUNEN
6
CONTINUOUS
10
269.9003
20
164.0487
11
269.8959
21
164.1793
0
LINE
8
GORUNEN
6
CONTINUOUS
10
346.2635
20
118.4555
11
346.4131
21
118.3783
0
LINE
8
GORUNEN
6
CONTINUOUS
10
346.4131
20
118.3783
11
346.5464
21
118.3252
0
LINE
8
GORUNEN
6
CONTINUOUS
10
346.5464
20
118.3252
11
346.6642
21
118.2911
0
LINE
8
GORUNEN
6
CONTINUOUS
10
346.6642
20
118.2911
11
346.7678
21
118.2717
0
LINE
8
GORUNEN
6
CONTINUOUS
10
346.7678
20
118.2717
11
346.8584
21
118.2636
0
LINE
8
GORUNEN
6
CONTINUOUS
10
346.8584
20
118.2636
11
346.9375
21
118.2638
0
LINE
8
GORUNEN
6
CONTINUOUS
10
346.9375
20
118.2638
11
347.0064
21
118.2701
0
LINE
8
GORUNEN
6
CONTINUOUS
10
347.0064
20
118.2701
11
347.0730
21
118.2822
0
LINE
8
GORUNEN
6
CONTINUOUS
10
347.0730
20
118.2822
11
347.1371
21
118.3000
0
LINE
8
GORUNEN
6
CONTINUOUS
10
347.1371
20
118.3000
11
347.1983
21
118.3235
0
LINE
8
GORUNEN
6
CONTINUOUS
10
347.1983
20
118.3235
11
347.2314
21
118.3391
0
LINE
8
GORUNEN
6
CONTINUOUS
10
347.2314
20
118.3391
11
347.2635
21
118.3565
0
LINE
8
GORUNEN
6
CONTINUOUS
10
347.2635
20
118.3565
11
347.3150
21
118.3895
0
LINE
8
GORUNEN
6
CONTINUOUS
10
347.3150
20
118.3895
11
347.3637
21
118.4273
0
LINE
8
GORUNEN
6
CONTINUOUS
10
347.3637
20
118.4273
11
347.4092
21
118.4698
0
LINE
8
GORUNEN
6
CONTINUOUS
10
347.4092
20
118.4698
11
347.4515
21
118.5168
0
LINE
8
GORUNEN
6
CONTINUOUS
10
347.4515
20
118.5168
11
347.4905
21
118.5682
0
LINE
8
GORUNEN
6
CONTINUOUS
10
347.4905
20
118.5682
11
347.5260
21
118.6239
0
LINE
8
GORUNEN
6
CONTINUOUS
10
347.5260
20
118.6239
11
347.5580
21
118.6837
0
LINE
8
GORUNEN
6
CONTINUOUS
10
347.5580
20
118.6837
11
347.5864
21
118.7475
0
LINE
8
GORUNEN
6
CONTINUOUS
10
347.5864
20
118.7475
11
347.6110
21
118.8150
0
LINE
8
GORUNEN
6
CONTINUOUS
10
347.6110
20
118.8150
11
347.6318
21
118.8862
0
LINE
8
GORUNEN
6
CONTINUOUS
10
347.6318
20
118.8862
11
347.6488
21
118.9607
0
LINE
8
GORUNEN
6
CONTINUOUS
10
347.6488
20
118.9607
11
347.6620
21
119.0383
0
LINE
8
GORUNEN
6
CONTINUOUS
10
347.6620
20
119.0383
11
347.6737
21
119.1526
0
LINE
8
GORUNEN
6
CONTINUOUS
10
347.6737
20
119.1526
11
347.6777
21
119.2720
0
LINE
8
GORUNEN
6
CONTINUOUS
10
269.8959
20
226.2331
11
269.8959
21
164.1793
0
LINE
8
GORUNEN
6
CONTINUOUS
10
347.6777
20
119.2720
11
347.6777
21
124.1710
0
LINE
8
GORUNEN
6
CONTINUOUS
10
269.8959
20
226.2331
11
269.9039
21
226.4013
0
LINE
8
GORUNEN
6
CONTINUOUS
10
269.9039
20
226.4013
11
269.9245
21
226.5433
0
LINE
8
GORUNEN
6
CONTINUOUS
10
269.9245
20
226.5433
11
269.9539
21
226.6624
0
LINE
8
GORUNEN
6
CONTINUOUS
10
269.9539
20
226.6624
11
269.9889
21
226.7617
0
LINE
8
GORUNEN
6
CONTINUOUS
10
269.9889
20
226.7617
11
270.0272
21
226.8443
0
LINE
8
GORUNEN
6
CONTINUOUS
10
270.0272
20
226.8443
11
270.0669
21
226.9127
0
LINE
8
GORUNEN
6
CONTINUOUS
10
270.0669
20
226.9127
11
270.1068
21
226.9692
0
LINE
8
GORUNEN
6
CONTINUOUS
10
270.1068
20
226.9692
11
270.1506
21
227.0209
0
LINE
8
GORUNEN
6
CONTINUOUS
10
270.1506
20
227.0209
11
270.1980
21
227.0674
0
LINE
8
GORUNEN
6
CONTINUOUS
10
270.1980
20
227.0674
11
270.2490
21
227.1087
0
LINE
8
GORUNEN
6
CONTINUOUS
10
270.2490
20
227.1087
11
270.2790
21
227.1295
0
LINE
8
GORUNEN
6
CONTINUOUS
10
270.2790
20
227.1295
11
270.3101
21
227.1486
0
LINE
8
GORUNEN
6
CONTINUOUS
10
270.3101
20
227.1486
11
270.3645
21
227.1768
0
LINE
8
GORUNEN
6
CONTINUOUS
10
270.3645
20
227.1768
11
270.4216
21
227.2000
0
LINE
8
GORUNEN
6
CONTINUOUS
10
270.4216
20
227.2000
11
270.4811
21
227.2182
0
LINE
8
GORUNEN
6
CONTINUOUS
10
270.4811
20
227.2182
11
270.5430
21
227.2313
0
LINE
8
GORUNEN
6
CONTINUOUS
10
270.5430
20
227.2313
11
270.6070
21
227.2394
0
LINE
8
GORUNEN
6
CONTINUOUS
10
270.6070
20
227.2394
11
270.6731
21
227.2423
0
LINE
8
GORUNEN
6
CONTINUOUS
10
270.6731
20
227.2423
11
270.7408
21
227.2401
0
LINE
8
GORUNEN
6
CONTINUOUS
10
270.7408
20
227.2401
11
270.8102
21
227.2328
0
LINE
8
GORUNEN
6
CONTINUOUS
10
270.8102
20
227.2328
11
270.8811
21
227.2203
0
LINE
8
GORUNEN
6
CONTINUOUS
10
270.8811
20
227.2203
11
270.9531
21
227.2028
0
LINE
8
GORUNEN
6
CONTINUOUS
10
270.9531
20
227.2028
11
271.0261
21
227.1803
0
LINE
8
GORUNEN
6
CONTINUOUS
10
271.0261
20
227.1803
11
271.0999
21
227.1528
0
LINE
8
GORUNEN
6
CONTINUOUS
10
271.0999
20
227.1528
11
271.2047
21
227.1059
0
LINE
8
GORUNEN
6
CONTINUOUS
10
271.2047
20
227.1059
11
271.3101
21
227.0496
0
LINE
8
GORUNEN
6
CONTINUOUS
10
347.6777
20
124.1710
11
347.6679
21
124.3686
0
LINE
8
GORUNEN
6
CONTINUOUS
10
347.6679
20
124.3686
11
347.6386
21
124.5748
0
LINE
8
GORUNEN
6
CONTINUOUS
10
347.6386
20
124.5748
11
347.5903
21
124.7867
0
LINE
8
GORUNEN
6
CONTINUOUS
10
347.5903
20
124.7867
11
347.5235
21
125.0014
0
LINE
8
GORUNEN
6
CONTINUOUS
10
347.5235
20
125.0014
11
347.4393
21
125.2159
0
LINE
8
GORUNEN
6
CONTINUOUS
10
347.4393
20
125.2159
11
347.3388
21
125.4272
0
LINE
8
GORUNEN
6
CONTINUOUS
10
347.3388
20
125.4272
11
347.2234
21
125.6324
0
LINE
8
GORUNEN
6
CONTINUOUS
10
347.2234
20
125.6324
11
347.0947
21
125.8287
0
LINE
8
GORUNEN
6
CONTINUOUS
10
347.0947
20
125.8287
11
346.9545
21
126.0133
0
LINE
8
GORUNEN
6
CONTINUOUS
10
346.9545
20
126.0133
11
346.8047
21
126.1837
0
LINE
8
GORUNEN
6
CONTINUOUS
10
346.8047
20
126.1837
11
346.6473
21
126.3376
0
LINE
8
GORUNEN
6
CONTINUOUS
10
346.6473
20
126.3376
11
346.4847
21
126.4727
0
LINE
8
GORUNEN
6
CONTINUOUS
10
346.4847
20
126.4727
11
346.3744
21
126.5514
0
LINE
8
GORUNEN
6
CONTINUOUS
10
346.3744
20
126.5514
11
346.2635
21
126.6205
0
LINE
8
GORUNEN
6
CONTINUOUS
10
275.5528
20
224.6001
11
271.3101
21
227.0496
0
LINE
8
GORUNEN
6
CONTINUOUS
10
346.2635
20
126.6205
11
278.3812
21
165.8123
0
LINE
8
GORUNEN
6
CONTINUOUS
10
275.5528
20
224.6001
11
275.7190
21
224.4928
0
LINE
8
GORUNEN
6
CONTINUOUS
10
275.7190
20
224.4928
11
275.8829
21
224.3644
0
LINE
8
GORUNEN
6
CONTINUOUS
10
275.8829
20
224.3644
11
276.0423
21
224.2165
0
LINE
8
GORUNEN
6
CONTINUOUS
10
276.0423
20
224.2165
11
276.1948
21
224.0514
0
LINE
8
GORUNEN
6
CONTINUOUS
10
276.1948
20
224.0514
11
276.3385
21
223.8713
0
LINE
8
GORUNEN
6
CONTINUOUS
10
276.3385
20
223.8713
11
276.4712
21
223.6786
0
LINE
8
GORUNEN
6
CONTINUOUS
10
276.4712
20
223.6786
11
276.5913
21
223.4760
0
LINE
8
GORUNEN
6
CONTINUOUS
10
276.5913
20
223.4760
11
276.6969
21
223.2664
0
LINE
8
GORUNEN
6
CONTINUOUS
10
276.6969
20
223.2664
11
276.7867
21
223.0526
0
LINE
8
GORUNEN
6
CONTINUOUS
10
276.7867
20
223.0526
11
276.8593
21
222.8377
0
LINE
8
GORUNEN
6
CONTINUOUS
10
276.8593
20
222.8377
11
276.9139
21
222.6245
0
LINE
8
GORUNEN
6
CONTINUOUS
10
276.9139
20
222.6245
11
276.9496
21
222.4161
0
LINE
8
GORUNEN
6
CONTINUOUS
10
276.9496
20
222.4161
11
276.9626
21
222.2812
0
LINE
8
GORUNEN
6
CONTINUOUS
10
276.9626
20
222.2812
11
276.9670
21
222.1506
0
LINE
8
GORUNEN
6
CONTINUOUS
10
278.3812
20
165.8123
11
278.2150
21
165.9196
0
LINE
8
GORUNEN
6
CONTINUOUS
10
278.2150
20
165.9196
11
278.0511
21
166.0481
0
LINE
8
GORUNEN
6
CONTINUOUS
10
278.0511
20
166.0481
11
277.8917
21
166.1959
0
LINE
8
GORUNEN
6
CONTINUOUS
10
277.8917
20
166.1959
11
277.7392
21
166.3610
0
LINE
8
GORUNEN
6
CONTINUOUS
10
277.7392
20
166.3610
11
277.5955
21
166.5412
0
LINE
8
GORUNEN
6
CONTINUOUS
10
277.5955
20
166.5412
11
277.4627
21
166.7339
0
LINE
8
GORUNEN
6
CONTINUOUS
10
277.4627
20
166.7339
11
277.3427
21
166.9364
0
LINE
8
GORUNEN
6
CONTINUOUS
10
277.3427
20
166.9364
11
277.2371
21
167.1460
0
LINE
8
GORUNEN
6
CONTINUOUS
10
277.2371
20
167.1460
11
277.1473
21
167.3598
0
LINE
8
GORUNEN
6
CONTINUOUS
10
277.1473
20
167.3598
11
277.0746
21
167.5747
0
LINE
8
GORUNEN
6
CONTINUOUS
10
277.0746
20
167.5747
11
277.0201
21
167.7879
0
LINE
8
GORUNEN
6
CONTINUOUS
10
277.0201
20
167.7879
11
276.9844
21
167.9963
0
LINE
8
GORUNEN
6
CONTINUOUS
10
276.9844
20
167.9963
11
276.9714
21
168.1312
0
LINE
8
GORUNEN
6
CONTINUOUS
10
276.9714
20
168.1312
11
276.9670
21
168.2618
0
LINE
8
GORUNEN
6
CONTINUOUS
10
276.9670
20
168.2618
11
276.9670
21
222.1506
0
LINE
8
GORUNEN
6
CONTINUOUS
10
309.1403
20
156.2185
11
309.5140
21
156.4114
0
LINE
8
GORUNEN
6
CONTINUOUS
10
309.5140
20
156.4114
11
309.9225
21
156.5792
0
LINE
8
GORUNEN
6
CONTINUOUS
10
309.9225
20
156.5792
11
310.3608
21
156.7197
0
LINE
8
GORUNEN
6
CONTINUOUS
10
310.3608
20
156.7197
11
310.8235
21
156.8311
0
LINE
8
GORUNEN
6
CONTINUOUS
10
310.8235
20
156.8311
11
311.3047
21
156.9122
0
LINE
8
GORUNEN
6
CONTINUOUS
10
311.3047
20
156.9122
11
311.7986
21
156.9618
0
LINE
8
GORUNEN
6
CONTINUOUS
10
311.7986
20
156.9618
11
312.2990
21
156.9794
0
LINE
8
GORUNEN
6
CONTINUOUS
10
312.2990
20
156.9794
11
312.7996
21
156.9648
0
LINE
8
GORUNEN
6
CONTINUOUS
10
312.7996
20
156.9648
11
313.2944
21
156.9181
0
LINE
8
GORUNEN
6
CONTINUOUS
10
313.2944
20
156.9181
11
313.7771
21
156.8400
0
LINE
8
GORUNEN
6
CONTINUOUS
10
313.7771
20
156.8400
11
314.2417
21
156.7313
0
LINE
8
GORUNEN
6
CONTINUOUS
10
314.2417
20
156.7313
11
314.6825
21
156.5934
0
LINE
8
GORUNEN
6
CONTINUOUS
10
314.6825
20
156.5934
11
315.0940
21
156.4282
0
LINE
8
GORUNEN
6
CONTINUOUS
10
315.0940
20
156.4282
11
315.4711
21
156.2375
0
LINE
8
GORUNEN
6
CONTINUOUS
10
315.4711
20
156.2375
11
315.7772
21
156.0461
0
LINE
8
GORUNEN
6
CONTINUOUS
10
315.7772
20
156.0461
11
316.0231
21
155.8595
0
LINE
8
GORUNEN
6
CONTINUOUS
10
316.0231
20
155.8595
11
316.2389
21
155.6608
0
LINE
8
GORUNEN
6
CONTINUOUS
10
316.2389
20
155.6608
11
316.4058
21
155.4730
0
LINE
8
GORUNEN
6
CONTINUOUS
10
316.4058
20
155.4730
11
316.5330
21
155.2979
0
LINE
8
GORUNEN
6
CONTINUOUS
10
316.5330
20
155.2979
11
316.6283
21
155.1360
0
LINE
8
GORUNEN
6
CONTINUOUS
10
316.6283
20
155.1360
11
316.6982
21
154.9875
0
LINE
8
GORUNEN
6
CONTINUOUS
10
316.6982
20
154.9875
11
316.7526
21
154.8369
0
LINE
8
GORUNEN
6
CONTINUOUS
10
316.7526
20
154.8369
11
316.7916
21
154.6847
0
LINE
8
GORUNEN
6
CONTINUOUS
10
316.7916
20
154.6847
11
316.8132
21
154.5467
0
LINE
8
GORUNEN
6
CONTINUOUS
10
316.8132
20
154.5467
11
316.8200
21
154.4641
0
LINE
8
GORUNEN
6
CONTINUOUS
10
316.8200
20
154.4641
11
316.8223
21
154.3814
0
LINE
8
GORUNEN
6
CONTINUOUS
10
316.8223
20
154.3814
11
316.8148
21
154.2312
0
LINE
8
GORUNEN
6
CONTINUOUS
10
316.8148
20
154.2312
11
316.7922
21
154.0814
0
LINE
8
GORUNEN
6
CONTINUOUS
10
316.7922
20
154.0814
11
316.7547
21
153.9327
0
LINE
8
GORUNEN
6
CONTINUOUS
10
316.7547
20
153.9327
11
316.7024
21
153.7855
0
LINE
8
GORUNEN
6
CONTINUOUS
10
316.7024
20
153.7855
11
316.6354
21
153.6403
0
LINE
8
GORUNEN
6
CONTINUOUS
10
316.6354
20
153.6403
11
316.5539
21
153.4975
0
LINE
8
GORUNEN
6
CONTINUOUS
10
316.5539
20
153.4975
11
316.4583
21
153.3577
0
LINE
8
GORUNEN
6
CONTINUOUS
10
316.4583
20
153.3577
11
316.3489
21
153.2214
0
LINE
8
GORUNEN
6
CONTINUOUS
10
316.3489
20
153.2214
11
316.2260
21
153.0889
0
LINE
8
GORUNEN
6
CONTINUOUS
10
316.2260
20
153.0889
11
316.0900
21
152.9607
0
LINE
8
GORUNEN
6
CONTINUOUS
10
316.0900
20
152.9607
11
315.9414
21
152.8373
0
LINE
8
GORUNEN
6
CONTINUOUS
10
315.9414
20
152.8373
11
315.7807
21
152.7191
0
LINE
8
GORUNEN
6
CONTINUOUS
10
315.7807
20
152.7191
11
315.5485
21
152.5702
0
LINE
8
GORUNEN
6
CONTINUOUS
10
315.5485
20
152.5702
11
315.2645
21
152.4155
0
LINE
8
GORUNEN
6
CONTINUOUS
10
315.2645
20
152.4155
11
314.9583
21
152.2757
0
LINE
8
GORUNEN
6
CONTINUOUS
10
314.9583
20
152.2757
11
314.6323
21
152.1517
0
LINE
8
GORUNEN
6
CONTINUOUS
10
314.6323
20
152.1517
11
314.2889
21
152.0445
0
LINE
8
GORUNEN
6
CONTINUOUS
10
314.2889
20
152.0445
11
313.9306
21
151.9549
0
LINE
8
GORUNEN
6
CONTINUOUS
10
313.9306
20
151.9549
11
313.4347
21
151.8639
0
LINE
8
GORUNEN
6
CONTINUOUS
10
313.4347
20
151.8639
11
312.8593
21
151.8019
0
LINE
8
GORUNEN
6
CONTINUOUS
10
312.8593
20
151.8019
11
312.2748
21
151.7834
0
LINE
8
GORUNEN
6
CONTINUOUS
10
312.2748
20
151.7834
11
311.6911
21
151.8090
0
LINE
8
GORUNEN
6
CONTINUOUS
10
311.6911
20
151.8090
11
311.1181
21
151.8781
0
LINE
8
GORUNEN
6
CONTINUOUS
10
311.1181
20
151.8781
11
310.5654
21
151.9895
0
LINE
8
GORUNEN
6
CONTINUOUS
10
310.5654
20
151.9895
11
310.0425
21
152.1414
0
LINE
8
GORUNEN
6
CONTINUOUS
10
310.0425
20
152.1414
11
309.5582
21
152.3312
0
LINE
8
GORUNEN
6
CONTINUOUS
10
309.5582
20
152.3312
11
309.1621
21
152.5318
0
LINE
8
GORUNEN
6
CONTINUOUS
10
309.1621
20
152.5318
11
308.8425
21
152.7341
0
LINE
8
GORUNEN
6
CONTINUOUS
10
308.8425
20
152.7341
11
308.5878
21
152.9319
0
LINE
8
GORUNEN
6
CONTINUOUS
10
308.5878
20
152.9319
11
308.3872
21
153.1211
0
LINE
8
GORUNEN
6
CONTINUOUS
10
308.3872
20
153.1211
11
308.2312
21
153.2993
0
LINE
8
GORUNEN
6
CONTINUOUS
10
308.2312
20
153.2993
11
308.1114
21
153.4651
0
LINE
8
GORUNEN
6
CONTINUOUS
10
308.1114
20
153.4651
11
308.0118
21
153.6354
0
LINE
8
GORUNEN
6
CONTINUOUS
10
308.0118
20
153.6354
11
307.9398
21
153.7917
0
LINE
8
GORUNEN
6
CONTINUOUS
10
307.9398
20
153.7917
11
307.8895
21
153.9343
0
LINE
8
GORUNEN
6
CONTINUOUS
10
307.8895
20
153.9343
11
307.8530
21
154.0784
0
LINE
8
GORUNEN
6
CONTINUOUS
10
307.8530
20
154.0784
11
307.8307
21
154.2233
0
LINE
8
GORUNEN
6
CONTINUOUS
10
307.8307
20
154.2233
11
307.8244
21
154.3023
0
LINE
8
GORUNEN
6
CONTINUOUS
10
307.8244
20
154.3023
11
307.8223
21
154.3814
0
LINE
8
GORUNEN
6
CONTINUOUS
10
307.8223
20
154.3814
11
307.8287
21
154.5190
0
LINE
8
GORUNEN
6
CONTINUOUS
10
307.8287
20
154.5190
11
307.8476
21
154.6563
0
LINE
8
GORUNEN
6
CONTINUOUS
10
307.8476
20
154.6563
11
307.8791
21
154.7928
0
LINE
8
GORUNEN
6
CONTINUOUS
10
307.8791
20
154.7928
11
307.9231
21
154.9282
0
LINE
8
GORUNEN
6
CONTINUOUS
10
307.9231
20
154.9282
11
307.9795
21
155.0620
0
LINE
8
GORUNEN
6
CONTINUOUS
10
307.9795
20
155.0620
11
308.0481
21
155.1939
0
LINE
8
GORUNEN
6
CONTINUOUS
10
308.0481
20
155.1939
11
308.1287
21
155.3235
0
LINE
8
GORUNEN
6
CONTINUOUS
10
308.1287
20
155.3235
11
308.2210
21
155.4505
0
LINE
8
GORUNEN
6
CONTINUOUS
10
308.2210
20
155.4505
11
308.3249
21
155.5745
0
LINE
8
GORUNEN
6
CONTINUOUS
10
308.3249
20
155.5745
11
308.4400
21
155.6951
0
LINE
8
GORUNEN
6
CONTINUOUS
10
308.4400
20
155.6951
11
308.5661
21
155.8120
0
LINE
8
GORUNEN
6
CONTINUOUS
10
308.5661
20
155.8120
11
308.7026
21
155.9250
0
LINE
8
GORUNEN
6
CONTINUOUS
10
308.7026
20
155.9250
11
308.9120
21
156.0764
0
LINE
8
GORUNEN
6
CONTINUOUS
10
308.9120
20
156.0764
11
309.1403
21
156.2185
0
LINE
8
GORUNEN
6
CONTINUOUS
10
338.8388
20
139.0721
11
339.2125
21
139.2650
0
LINE
8
GORUNEN
6
CONTINUOUS
10
339.2125
20
139.2650
11
339.6210
21
139.4328
0
LINE
8
GORUNEN
6
CONTINUOUS
10
339.6210
20
139.4328
11
340.0593
21
139.5732
0
LINE
8
GORUNEN
6
CONTINUOUS
10
340.0593
20
139.5732
11
340.5220
21
139.6847
0
LINE
8
GORUNEN
6
CONTINUOUS
10
340.5220
20
139.6847
11
341.0032
21
139.7657
0
LINE
8
GORUNEN
6
CONTINUOUS
10
341.0032
20
139.7657
11
341.4971
21
139.8154
0
LINE
8
GORUNEN
6
CONTINUOUS
10
341.4971
20
139.8154
11
341.9975
21
139.8330
0
LINE
8
GORUNEN
6
CONTINUOUS
10
341.9975
20
139.8330
11
342.4981
21
139.8184
0
LINE
8
GORUNEN
6
CONTINUOUS
10
342.4981
20
139.8184
11
342.9929
21
139.7717
0
LINE
8
GORUNEN
6
CONTINUOUS
10
342.9929
20
139.7717
11
343.4755
21
139.6935
0
LINE
8
GORUNEN
6
CONTINUOUS
10
343.4755
20
139.6935
11
343.9402
21
139.5849
0
LINE
8
GORUNEN
6
CONTINUOUS
10
343.9402
20
139.5849
11
344.3810
21
139.4470
0
LINE
8
GORUNEN
6
CONTINUOUS
10
344.3810
20
139.4470
11
344.7925
21
139.2817
0
LINE
8
GORUNEN
6
CONTINUOUS
10
344.7925
20
139.2817
11
345.1696
21
139.0910
0
LINE
8
GORUNEN
6
CONTINUOUS
10
345.1696
20
139.0910
11
345.4757
21
138.8996
0
LINE
8
GORUNEN
6
CONTINUOUS
10
345.4757
20
138.8996
11
345.7216
21
138.7130
0
LINE
8
GORUNEN
6
CONTINUOUS
10
345.7216
20
138.7130
11
345.9374
21
138.5144
0
LINE
8
GORUNEN
6
CONTINUOUS
10
345.9374
20
138.5144
11
346.1043
21
138.3266
0
LINE
8
GORUNEN
6
CONTINUOUS
10
346.1043
20
138.3266
11
346.2315
21
138.1515
0
LINE
8
GORUNEN
6
CONTINUOUS
10
346.2315
20
138.1515
11
346.3268
21
137.9896
0
LINE
8
GORUNEN
6
CONTINUOUS
10
346.3268
20
137.9896
11
346.3966
21
137.8411
0
LINE
8
GORUNEN
6
CONTINUOUS
10
346.3966
20
137.8411
11
346.4511
21
137.6905
0
LINE
8
GORUNEN
6
CONTINUOUS
10
346.4511
20
137.6905
11
346.4900
21
137.5382
0
LINE
8
GORUNEN
6
CONTINUOUS
10
346.4900
20
137.5382
11
346.5117
21
137.4003
0
LINE
8
GORUNEN
6
CONTINUOUS
10
346.5117
20
137.4003
11
346.5185
21
137.3177
0
LINE
8
GORUNEN
6
CONTINUOUS
10
346.5185
20
137.3177
11
346.5208
21
137.2350
0
LINE
8
GORUNEN
6
CONTINUOUS
10
346.5208
20
137.2350
11
346.5133
21
137.0847
0
LINE
8
GORUNEN
6
CONTINUOUS
10
346.5133
20
137.0847
11
346.4907
21
136.9350
0
LINE
8
GORUNEN
6
CONTINUOUS
10
346.4907
20
136.9350
11
346.4532
21
136.7863
0
LINE
8
GORUNEN
6
CONTINUOUS
10
346.4532
20
136.7863
11
346.4009
21
136.6391
0
LINE
8
GORUNEN
6
CONTINUOUS
10
346.4009
20
136.6391
11
346.3338
21
136.4938
0
LINE
8
GORUNEN
6
CONTINUOUS
10
346.3338
20
136.4938
11
346.2524
21
136.3511
0
LINE
8
GORUNEN
6
CONTINUOUS
10
346.2524
20
136.3511
11
346.1568
21
136.2113
0
LINE
8
GORUNEN
6
CONTINUOUS
10
346.1568
20
136.2113
11
346.0474
21
136.0749
0
LINE
8
GORUNEN
6
CONTINUOUS
10
346.0474
20
136.0749
11
345.9244
21
135.9425
0
LINE
8
GORUNEN
6
CONTINUOUS
10
345.9244
20
135.9425
11
345.7885
21
135.8143
0
LINE
8
GORUNEN
6
CONTINUOUS
10
345.7885
20
135.8143
11
345.6399
21
135.6909
0
LINE
8
GORUNEN
6
CONTINUOUS
10
345.6399
20
135.6909
11
345.4792
21
135.5727
0
LINE
8
GORUNEN
6
CONTINUOUS
10
345.4792
20
135.5727
11
345.2470
21
135.4237
0
LINE
8
GORUNEN
6
CONTINUOUS
10
345.2470
20
135.4237
11
344.9630
21
135.2691
0
LINE
8
GORUNEN
6
CONTINUOUS
10
344.9630
20
135.2691
11
344.6568
21
135.1293
0
LINE
8
GORUNEN
6
CONTINUOUS
10
344.6568
20
135.1293
11
344.3308
21
135.0053
0
LINE
8
GORUNEN
6
CONTINUOUS
10
344.3308
20
135.0053
11
343.9873
21
134.8981
0
LINE
8
GORUNEN
6
CONTINUOUS
10
343.9873
20
134.8981
11
343.6291
21
134.8085
0
LINE
8
GORUNEN
6
CONTINUOUS
10
343.6291
20
134.8085
11
343.1332
21
134.7175
0
LINE
8
GORUNEN
6
CONTINUOUS
10
343.1332
20
134.7175
11
342.5577
21
134.6554
0
LINE
8
GORUNEN
6
CONTINUOUS
10
342.5577
20
134.6554
11
341.9732
21
134.6370
0
LINE
8
GORUNEN
6
CONTINUOUS
10
341.9732
20
134.6370
11
341.3895
21
134.6626
0
LINE
8
GORUNEN
6
CONTINUOUS
10
341.3895
20
134.6626
11
340.8165
21
134.7316
0
LINE
8
GORUNEN
6
CONTINUOUS
10
340.8165
20
134.7316
11
340.2639
21
134.8431
0
LINE
8
GORUNEN
6
CONTINUOUS
10
340.2639
20
134.8431
11
339.7410
21
134.9950
0
LINE
8
GORUNEN
6
CONTINUOUS
10
339.7410
20
134.9950
11
339.2567
21
135.1848
0
LINE
8
GORUNEN
6
CONTINUOUS
10
339.2567
20
135.1848
11
338.8606
21
135.3854
0
LINE
8
GORUNEN
6
CONTINUOUS
10
338.8606
20
135.3854
11
338.5409
21
135.5877
0
LINE
8
GORUNEN
6
CONTINUOUS
10
338.5409
20
135.5877
11
338.2863
21
135.7855
0
LINE
8
GORUNEN
6
CONTINUOUS
10
338.2863
20
135.7855
11
338.0857
21
135.9747
0
LINE
8
GORUNEN
6
CONTINUOUS
10
338.0857
20
135.9747
11
337.9297
21
136.1529
0
LINE
8
GORUNEN
6
CONTINUOUS
10
337.9297
20
136.1529
11
337.8099
21
136.3187
0
LINE
8
GORUNEN
6
CONTINUOUS
10
337.8099
20
136.3187
11
337.7103
21
136.4890
0
LINE
8
GORUNEN
6
CONTINUOUS
10
337.7103
20
136.4890
11
337.6383
21
136.6453
0
LINE
8
GORUNEN
6
CONTINUOUS
10
337.6383
20
136.6453
11
337.5879
21
136.7879
0
LINE
8
GORUNEN
6
CONTINUOUS
10
337.5879
20
136.7879
11
337.5515
21
136.9319
0
LINE
8
GORUNEN
6
CONTINUOUS
10
337.5515
20
136.9319
11
337.5291
21
137.0769
0
LINE
8
GORUNEN
6
CONTINUOUS
10
337.5291
20
137.0769
11
337.5229
21
137.1559
0
LINE
8
GORUNEN
6
CONTINUOUS
10
337.5229
20
137.1559
11
337.5208
21
137.2350
0
LINE
8
GORUNEN
6
CONTINUOUS
10
337.5208
20
137.2350
11
337.5271
21
137.3726
0
LINE
8
GORUNEN
6
CONTINUOUS
10
337.5271
20
137.3726
11
337.5461
21
137.5099
0
LINE
8
GORUNEN
6
CONTINUOUS
10
337.5461
20
137.5099
11
337.5776
21
137.6464
0
LINE
8
GORUNEN
6
CONTINUOUS
10
337.5776
20
137.6464
11
337.6216
21
137.7818
0
LINE
8
GORUNEN
6
CONTINUOUS
10
337.6216
20
137.7818
11
337.6780
21
137.9156
0
LINE
8
GORUNEN
6
CONTINUOUS
10
337.6780
20
137.9156
11
337.7466
21
138.0475
0
LINE
8
GORUNEN
6
CONTINUOUS
10
337.7466
20
138.0475
11
337.8271
21
138.1771
0
LINE
8
GORUNEN
6
CONTINUOUS
10
337.8271
20
138.1771
11
337.9195
21
138.3041
0
LINE
8
GORUNEN
6
CONTINUOUS
10
337.9195
20
138.3041
11
338.0234
21
138.4281
0
LINE
8
GORUNEN
6
CONTINUOUS
10
338.0234
20
138.4281
11
338.1385
21
138.5487
0
LINE
8
GORUNEN
6
CONTINUOUS
10
338.1385
20
138.5487
11
338.2645
21
138.6656
0
LINE
8
GORUNEN
6
CONTINUOUS
10
338.2645
20
138.6656
11
338.4011
21
138.7785
0
LINE
8
GORUNEN
6
CONTINUOUS
10
338.4011
20
138.7785
11
338.6105
21
138.9300
0
LINE
8
GORUNEN
6
CONTINUOUS
10
338.6105
20
138.9300
11
338.8388
21
139.0721
0
LINE
8
GORUNEN
6
CONTINUOUS
10
337.4246
20
172.5484
11
337.7983
21
172.7414
0
LINE
8
GORUNEN
6
CONTINUOUS
10
337.7983
20
172.7414
11
338.2068
21
172.9091
0
LINE
8
GORUNEN
6
CONTINUOUS
10
338.2068
20
172.9091
11
338.6451
21
173.0496
0
LINE
8
GORUNEN
6
CONTINUOUS
10
338.6451
20
173.0496
11
339.1078
21
173.1610
0
LINE
8
GORUNEN
6
CONTINUOUS
10
339.1078
20
173.1610
11
339.5890
21
173.2421
0
LINE
8
GORUNEN
6
CONTINUOUS
10
339.5890
20
173.2421
11
340.0829
21
173.2917
0
LINE
8
GORUNEN
6
CONTINUOUS
10
340.0829
20
173.2917
11
340.5833
21
173.3094
0
LINE
8
GORUNEN
6
CONTINUOUS
10
340.5833
20
173.3094
11
341.0839
21
173.2947
0
LINE
8
GORUNEN
6
CONTINUOUS
10
341.0839
20
173.2947
11
341.5787
21
173.2480
0
LINE
8
GORUNEN
6
CONTINUOUS
10
341.5787
20
173.2480
11
342.0613
21
173.1699
0
LINE
8
GORUNEN
6
CONTINUOUS
10
342.0613
20
173.1699
11
342.5260
21
173.0612
0
LINE
8
GORUNEN
6
CONTINUOUS
10
342.5260
20
173.0612
11
342.9668
21
172.9234
0
LINE
8
GORUNEN
6
CONTINUOUS
10
342.9668
20
172.9234
11
343.3783
21
172.7581
0
LINE
8
GORUNEN
6
CONTINUOUS
10
343.3783
20
172.7581
11
343.7554
21
172.5674
0
LINE
8
GORUNEN
6
CONTINUOUS
10
343.7554
20
172.5674
11
344.0615
21
172.3760
0
LINE
8
GORUNEN
6
CONTINUOUS
10
344.0615
20
172.3760
11
344.3074
21
172.1894
0
LINE
8
GORUNEN
6
CONTINUOUS
10
344.3074
20
172.1894
11
344.5231
21
171.9907
0
LINE
8
GORUNEN
6
CONTINUOUS
10
344.5231
20
171.9907
11
344.6901
21
171.8030
0
LINE
8
GORUNEN
6
CONTINUOUS
10
344.6901
20
171.8030
11
344.8173
21
171.6278
0
LINE
8
GORUNEN
6
CONTINUOUS
10
344.8173
20
171.6278
11
344.9126
21
171.4659
0
LINE
8
GORUNEN
6
CONTINUOUS
10
344.9126
20
171.4659
11
344.9824
21
171.3174
0
LINE
8
GORUNEN
6
CONTINUOUS
10
344.9824
20
171.3174
11
345.0369
21
171.1668
0
LINE
8
GORUNEN
6
CONTINUOUS
10
345.0369
20
171.1668
11
345.0758
21
171.0146
0
LINE
8
GORUNEN
6
CONTINUOUS
10
345.0758
20
171.0146
11
345.0975
21
170.8767
0
LINE
8
GORUNEN
6
CONTINUOUS
10
345.0975
20
170.8767
11
345.1043
21
170.7940
0
LINE
8
GORUNEN
6
CONTINUOUS
10
345.1043
20
170.7940
11
345.1066
21
170.7113
0
LINE
8
GORUNEN
6
CONTINUOUS
10
345.1066
20
170.7113
11
345.0991
21
170.5611
0
LINE
8
GORUNEN
6
CONTINUOUS
10
345.0991
20
170.5611
11
345.0765
21
170.4114
0
LINE
8
GORUNEN
6
CONTINUOUS
10
345.0765
20
170.4114
11
345.0390
21
170.2626
0
LINE
8
GORUNEN
6
CONTINUOUS
10
345.0390
20
170.2626
11
344.9866
21
170.1154
0
LINE
8
GORUNEN
6
CONTINUOUS
10
344.9866
20
170.1154
11
344.9196
21
169.9702
0
LINE
8
GORUNEN
6
CONTINUOUS
10
344.9196
20
169.9702
11
344.8382
21
169.8274
0
LINE
8
GORUNEN
6
CONTINUOUS
10
344.8382
20
169.8274
11
344.7426
21
169.6877
0
LINE
8
GORUNEN
6
CONTINUOUS
10
344.7426
20
169.6877
11
344.6331
21
169.5513
0
LINE
8
GORUNEN
6
CONTINUOUS
10
344.6331
20
169.5513
11
344.5102
21
169.4188
0
LINE
8
GORUNEN
6
CONTINUOUS
10
344.5102
20
169.4188
11
344.3743
21
169.2907
0
LINE
8
GORUNEN
6
CONTINUOUS
10
344.3743
20
169.2907
11
344.2257
21
169.1673
0
LINE
8
GORUNEN
6
CONTINUOUS
10
344.2257
20
169.1673
11
344.0650
21
169.0490
0
LINE
8
GORUNEN
6
CONTINUOUS
10
344.0650
20
169.0490
11
343.8328
21
168.9001
0
LINE
8
GORUNEN
6
CONTINUOUS
10
343.8328
20
168.9001
11
343.5488
21
168.7455
0
LINE
8
GORUNEN
6
CONTINUOUS
10
343.5488
20
168.7455
11
343.2426
21
168.6056
0
LINE
8
GORUNEN
6
CONTINUOUS
10
343.2426
20
168.6056
11
342.9165
21
168.4816
0
LINE
8
GORUNEN
6
CONTINUOUS
10
342.9165
20
168.4816
11
342.5731
21
168.3744
0
LINE
8
GORUNEN
6
CONTINUOUS
10
342.5731
20
168.3744
11
342.2149
21
168.2848
0
LINE
8
GORUNEN
6
CONTINUOUS
10
342.2149
20
168.2848
11
341.7189
21
168.1939
0
LINE
8
GORUNEN
6
CONTINUOUS
10
341.7189
20
168.1939
11
341.1435
21
168.1318
0
LINE
8
GORUNEN
6
CONTINUOUS
10
341.1435
20
168.1318
11
340.5590
21
168.1134
0
LINE
8
GORUNEN
6
CONTINUOUS
10
340.5590
20
168.1134
11
339.9753
21
168.1389
0
LINE
8
GORUNEN
6
CONTINUOUS
10
339.9753
20
168.1389
11
339.4023
21
168.2080
0
LINE
8
GORUNEN
6
CONTINUOUS
10
339.4023
20
168.2080
11
338.8497
21
168.3194
0
LINE
8
GORUNEN
6
CONTINUOUS
10
338.8497
20
168.3194
11
338.3268
21
168.4713
0
LINE
8
GORUNEN
6
CONTINUOUS
10
338.3268
20
168.4713
11
337.8425
21
168.6611
0
LINE
8
GORUNEN
6
CONTINUOUS
10
337.8425
20
168.6611
11
337.4463
21
168.8617
0
LINE
8
GORUNEN
6
CONTINUOUS
10
337.4463
20
168.8617
11
337.1267
21
169.0640
0
LINE
8
GORUNEN
6
CONTINUOUS
10
337.1267
20
169.0640
11
336.8720
21
169.2618
0
LINE
8
GORUNEN
6
CONTINUOUS
10
336.8720
20
169.2618
11
336.6715
21
169.4510
0
LINE
8
GORUNEN
6
CONTINUOUS
10
336.6715
20
169.4510
11
336.5155
21
169.6292
0
LINE
8
GORUNEN
6
CONTINUOUS
10
336.5155
20
169.6292
11
336.3957
21
169.7951
0
LINE
8
GORUNEN
6
CONTINUOUS
10
336.3957
20
169.7951
11
336.2961
21
169.9653
0
LINE
8
GORUNEN
6
CONTINUOUS
10
336.2961
20
169.9653
11
336.2240
21
170.1216
0
LINE
8
GORUNEN
6
CONTINUOUS
10
336.2240
20
170.1216
11
336.1737
21
170.2643
0
LINE
8
GORUNEN
6
CONTINUOUS
10
336.1737
20
170.2643
11
336.1373
21
170.4083
0
LINE
8
GORUNEN
6
CONTINUOUS
10
336.1373
20
170.4083
11
336.1149
21
170.5533
0
LINE
8
GORUNEN
6
CONTINUOUS
10
336.1149
20
170.5533
11
336.1087
21
170.6323
0
LINE
8
GORUNEN
6
CONTINUOUS
10
336.1087
20
170.6323
11
336.1066
21
170.7113
0
LINE
8
GORUNEN
6
CONTINUOUS
10
336.1066
20
170.7113
11
336.1129
21
170.8490
0
LINE
8
GORUNEN
6
CONTINUOUS
10
336.1129
20
170.8490
11
336.1319
21
170.9863
0
LINE
8
GORUNEN
6
CONTINUOUS
10
336.1319
20
170.9863
11
336.1634
21
171.1228
0
LINE
8
GORUNEN
6
CONTINUOUS
10
336.1634
20
171.1228
11
336.2074
21
171.2581
0
LINE
8
GORUNEN
6
CONTINUOUS
10
336.2074
20
171.2581
11
336.2638
21
171.3920
0
LINE
8
GORUNEN
6
CONTINUOUS
10
336.2638
20
171.3920
11
336.3323
21
171.5239
0
LINE
8
GORUNEN
6
CONTINUOUS
10
336.3323
20
171.5239
11
336.4129
21
171.6535
0
LINE
8
GORUNEN
6
CONTINUOUS
10
336.4129
20
171.6535
11
336.5053
21
171.7805
0
LINE
8
GORUNEN
6
CONTINUOUS
10
336.5053
20
171.7805
11
336.6092
21
171.9044
0
LINE
8
GORUNEN
6
CONTINUOUS
10
336.6092
20
171.9044
11
336.7243
21
172.0250
0
LINE
8
GORUNEN
6
CONTINUOUS
10
336.7243
20
172.0250
11
336.8503
21
172.1420
0
LINE
8
GORUNEN
6
CONTINUOUS
10
336.8503
20
172.1420
11
336.9869
21
172.2549
0
LINE
8
GORUNEN
6
CONTINUOUS
10
336.9869
20
172.2549
11
337.1963
21
172.4064
0
LINE
8
GORUNEN
6
CONTINUOUS
10
337.1963
20
172.4064
11
337.4246
21
172.5484
0
LINE
8
GORUNEN
6
CONTINUOUS
10
367.1231
20
155.4020
11
367.4968
21
155.5949
0
LINE
8
GORUNEN
6
CONTINUOUS
10
367.4968
20
155.5949
11
367.9053
21
155.7627
0
LINE
8
GORUNEN
6
CONTINUOUS
10
367.9053
20
155.7627
11
368.3436
21
155.9032
0
LINE
8
GORUNEN
6
CONTINUOUS
10
368.3436
20
155.9032
11
368.8062
21
156.0146
0
LINE
8
GORUNEN
6
CONTINUOUS
10
368.8062
20
156.0146
11
369.2875
21
156.0957
0
LINE
8
GORUNEN
6
CONTINUOUS
10
369.2875
20
156.0957
11
369.7814
21
156.1453
0
LINE
8
GORUNEN
6
CONTINUOUS
10
369.7814
20
156.1453
11
370.2817
21
156.1629
0
LINE
8
GORUNEN
6
CONTINUOUS
10
370.2817
20
156.1629
11
370.7824
21
156.1483
0
LINE
8
GORUNEN
6
CONTINUOUS
10
370.7824
20
156.1483
11
371.2771
21
156.1016
0
LINE
8
GORUNEN
6
CONTINUOUS
10
371.2771
20
156.1016
11
371.7598
21
156.0235
0
LINE
8
GORUNEN
6
CONTINUOUS
10
371.7598
20
156.0235
11
372.2244
21
155.9148
0
LINE
8
GORUNEN
6
CONTINUOUS
10
372.2244
20
155.9148
11
372.6652
21
155.7769
0
LINE
8
GORUNEN
6
CONTINUOUS
10
372.6652
20
155.7769
11
373.0768
21
155.6117
0
LINE
8
GORUNEN
6
CONTINUOUS
10
373.0768
20
155.6117
11
373.4539
21
155.4210
0
LINE
8
GORUNEN
6
CONTINUOUS
10
373.4539
20
155.4210
11
373.7600
21
155.2296
0
LINE
8
GORUNEN
6
CONTINUOUS
10
373.7600
20
155.2296
11
374.0059
21
155.0430
0
LINE
8
GORUNEN
6
CONTINUOUS
10
374.0059
20
155.0430
11
374.2216
21
154.8443
0
LINE
8
GORUNEN
6
CONTINUOUS
10
374.2216
20
154.8443
11
374.3886
21
154.6566
0
LINE
8
GORUNEN
6
CONTINUOUS
10
374.3886
20
154.6566
11
374.5158
21
154.4814
0
LINE
8
GORUNEN
6
CONTINUOUS
10
374.5158
20
154.4814
11
374.6111
21
154.3195
0
LINE
8
GORUNEN
6
CONTINUOUS
10
374.6111
20
154.3195
11
374.6809
21
154.1710
0
LINE
8
GORUNEN
6
CONTINUOUS
10
374.6809
20
154.1710
11
374.7354
21
154.0204
0
LINE
8
GORUNEN
6
CONTINUOUS
10
374.7354
20
154.0204
11
374.7743
21
153.8682
0
LINE
8
GORUNEN
6
CONTINUOUS
10
374.7743
20
153.8682
11
374.7960
21
153.7303
0
LINE
8
GORUNEN
6
CONTINUOUS
10
374.7960
20
153.7303
11
374.8028
21
153.6476
0
LINE
8
GORUNEN
6
CONTINUOUS
10
374.8028
20
153.6476
11
374.8051
21
153.5649
0
LINE
8
GORUNEN
6
CONTINUOUS
10
374.8051
20
153.5649
11
374.7976
21
153.4147
0
LINE
8
GORUNEN
6
CONTINUOUS
10
374.7976
20
153.4147
11
374.7750
21
153.2649
0
LINE
8
GORUNEN
6
CONTINUOUS
10
374.7750
20
153.2649
11
374.7375
21
153.1162
0
LINE
8
GORUNEN
6
CONTINUOUS
10
374.7375
20
153.1162
11
374.6851
21
152.9690
0
LINE
8
GORUNEN
6
CONTINUOUS
10
374.6851
20
152.9690
11
374.6181
21
152.8238
0
LINE
8
GORUNEN
6
CONTINUOUS
10
374.6181
20
152.8238
11
374.5367
21
152.6810
0
LINE
8
GORUNEN
6
CONTINUOUS
10
374.5367
20
152.6810
11
374.4411
21
152.5412
0
LINE
8
GORUNEN
6
CONTINUOUS
10
374.4411
20
152.5412
11
374.3316
21
152.4049
0
LINE
8
GORUNEN
6
CONTINUOUS
10
374.3316
20
152.4049
11
374.2087
21
152.2724
0
LINE
8
GORUNEN
6
CONTINUOUS
10
374.2087
20
152.2724
11
374.0727
21
152.1442
0
LINE
8
GORUNEN
6
CONTINUOUS
10
374.0727
20
152.1442
11
373.9242
21
152.0208
0
LINE
8
GORUNEN
6
CONTINUOUS
10
373.9242
20
152.0208
11
373.7635
21
151.9026
0
LINE
8
GORUNEN
6
CONTINUOUS
10
373.7635
20
151.9026
11
373.5313
21
151.7537
0
LINE
8
GORUNEN
6
CONTINUOUS
10
373.5313
20
151.7537
11
373.2473
21
151.5990
0
LINE
8
GORUNEN
6
CONTINUOUS
10
373.2473
20
151.5990
11
372.9411
21
151.4592
0
LINE
8
GORUNEN
6
CONTINUOUS
10
372.9411
20
151.4592
11
372.6150
21
151.3352
0
LINE
8
GORUNEN
6
CONTINUOUS
10
372.6150
20
151.3352
11
372.2716
21
151.2280
0
LINE
8
GORUNEN
6
CONTINUOUS
10
372.2716
20
151.2280
11
371.9134
21
151.1384
0
LINE
8
GORUNEN
6
CONTINUOUS
10
371.9134
20
151.1384
11
371.4174
21
151.0474
0
LINE
8
GORUNEN
6
CONTINUOUS
10
371.4174
20
151.0474
11
370.8420
21
150.9854
0
LINE
8
GORUNEN
6
CONTINUOUS
10
370.8420
20
150.9854
11
370.2575
21
150.9670
0
LINE
8
GORUNEN
6
CONTINUOUS
10
370.2575
20
150.9670
11
369.6738
21
150.9925
0
LINE
8
GORUNEN
6
CONTINUOUS
10
369.6738
20
150.9925
11
369.1008
21
151.0616
0
LINE
8
GORUNEN
6
CONTINUOUS
10
369.1008
20
151.0616
11
368.5482
21
151.1730
0
LINE
8
GORUNEN
6
CONTINUOUS
10
368.5482
20
151.1730
11
368.0253
21
151.3249
0
LINE
8
GORUNEN
6
CONTINUOUS
10
368.0253
20
151.3249
11
367.5409
21
151.5147
0
LINE
8
GORUNEN
6
CONTINUOUS
10
367.5409
20
151.5147
11
367.1448
21
151.7153
0
LINE
8
GORUNEN
6
CONTINUOUS
10
367.1448
20
151.7153
11
366.8252
21
151.9176
0
LINE
8
GORUNEN
6
CONTINUOUS
10
366.8252
20
151.9176
11
366.5705
21
152.1154
0
LINE
8
GORUNEN
6
CONTINUOUS
10
366.5705
20
152.1154
11
366.3700
21
152.3046
0
LINE
8
GORUNEN
6
CONTINUOUS
10
366.3700
20
152.3046
11
366.2140
21
152.4828
0
LINE
8
GORUNEN
6
CONTINUOUS
10
366.2140
20
152.4828
11
366.0942
21
152.6486
0
LINE
8
GORUNEN
6
CONTINUOUS
10
366.0942
20
152.6486
11
365.9946
21
152.8189
0
LINE
8
GORUNEN
6
CONTINUOUS
10
365.9946
20
152.8189
11
365.9225
21
152.9752
0
LINE
8
GORUNEN
6
CONTINUOUS
10
365.9225
20
152.9752
11
365.8722
21
153.1178
0
LINE
8
GORUNEN
6
CONTINUOUS
10
365.8722
20
153.1178
11
365.8358
21
153.2619
0
LINE
8
GORUNEN
6
CONTINUOUS
10
365.8358
20
153.2619
11
365.8134
21
153.4069
0
LINE
8
GORUNEN
6
CONTINUOUS
10
365.8134
20
153.4069
11
365.8072
21
153.4858
0
LINE
8
GORUNEN
6
CONTINUOUS
10
365.8072
20
153.4858
11
365.8051
21
153.5649
0
LINE
8
GORUNEN
6
CONTINUOUS
10
365.8051
20
153.5649
11
365.8114
21
153.7026
0
LINE
8
GORUNEN
6
CONTINUOUS
10
365.8114
20
153.7026
11
365.8304
21
153.8398
0
LINE
8
GORUNEN
6
CONTINUOUS
10
365.8304
20
153.8398
11
365.8619
21
153.9763
0
LINE
8
GORUNEN
6
CONTINUOUS
10
365.8619
20
153.9763
11
365.9059
21
154.1117
0
LINE
8
GORUNEN
6
CONTINUOUS
10
365.9059
20
154.1117
11
365.9623
21
154.2455
0
LINE
8
GORUNEN
6
CONTINUOUS
10
365.9623
20
154.2455
11
366.0308
21
154.3774
0
LINE
8
GORUNEN
6
CONTINUOUS
10
366.0308
20
154.3774
11
366.1114
21
154.5071
0
LINE
8
GORUNEN
6
CONTINUOUS
10
366.1114
20
154.5071
11
366.2038
21
154.6340
0
LINE
8
GORUNEN
6
CONTINUOUS
10
366.2038
20
154.6340
11
366.3077
21
154.7580
0
LINE
8
GORUNEN
6
CONTINUOUS
10
366.3077
20
154.7580
11
366.4228
21
154.8786
0
LINE
8
GORUNEN
6
CONTINUOUS
10
366.4228
20
154.8786
11
366.5488
21
154.9955
0
LINE
8
GORUNEN
6
CONTINUOUS
10
366.5488
20
154.9955
11
366.6854
21
155.1085
0
LINE
8
GORUNEN
6
CONTINUOUS
10
366.6854
20
155.1085
11
366.8948
21
155.2599
0
LINE
8
GORUNEN
6
CONTINUOUS
10
366.8948
20
155.2599
11
367.1231
21
155.4020
0
LINE
8
GORUNEN
6
CONTINUOUS
10
298.8873
20
218.4764
11
298.8577
21
219.2416
0
LINE
8
GORUNEN
6
CONTINUOUS
10
290.4316
20
204.6471
11
291.1743
21
205.0421
0
LINE
8
GORUNEN
6
CONTINUOUS
10
291.1743
20
205.0421
11
291.9164
21
205.5187
0
LINE
8
GORUNEN
6
CONTINUOUS
10
291.9164
20
205.5187
11
292.6511
21
206.0727
0
LINE
8
GORUNEN
6
CONTINUOUS
10
292.6511
20
206.0727
11
293.3718
21
206.6989
0
LINE
8
GORUNEN
6
CONTINUOUS
10
293.3718
20
206.6989
11
294.0718
21
207.3917
0
LINE
8
GORUNEN
6
CONTINUOUS
10
294.0718
20
207.3917
11
294.7447
21
208.1447
0
LINE
8
GORUNEN
6
CONTINUOUS
10
294.7447
20
208.1447
11
295.3845
21
208.9510
0
LINE
8
GORUNEN
6
CONTINUOUS
10
295.3845
20
208.9510
11
295.9852
21
209.8032
0
LINE
8
GORUNEN
6
CONTINUOUS
10
295.9852
20
209.8032
11
296.5413
21
210.6937
0
LINE
8
GORUNEN
6
CONTINUOUS
10
296.5413
20
210.6937
11
297.0479
21
211.6143
0
LINE
8
GORUNEN
6
CONTINUOUS
10
297.0479
20
211.6143
11
297.5002
21
212.5564
0
LINE
8
GORUNEN
6
CONTINUOUS
10
297.5002
20
212.5564
11
297.8942
21
213.5117
0
LINE
8
GORUNEN
6
CONTINUOUS
10
297.8942
20
213.5117
11
298.2262
21
214.4713
0
LINE
8
GORUNEN
6
CONTINUOUS
10
298.2262
20
214.4713
11
298.4932
21
215.4264
0
LINE
8
GORUNEN
6
CONTINUOUS
10
298.4932
20
215.4264
11
298.6928
21
216.3684
0
LINE
8
GORUNEN
6
CONTINUOUS
10
298.6928
20
216.3684
11
298.8232
21
217.2886
0
LINE
8
GORUNEN
6
CONTINUOUS
10
298.8232
20
217.2886
11
298.8713
21
217.8905
0
LINE
8
GORUNEN
6
CONTINUOUS
10
298.8713
20
217.8905
11
298.8873
21
218.4764
0
LINE
8
GORUNEN
6
CONTINUOUS
10
330.7071
20
163.3628
11
325.0503
21
160.0969
0
LINE
8
GORUNEN
6
CONTINUOUS
10
296.7660
20
176.4268
11
325.0503
21
160.0969
0
LINE
8
GORUNEN
6
CONTINUOUS
10
301.0086
20
199.2887
11
295.3518
21
196.0227
0
LINE
8
GORUNEN
6
CONTINUOUS
10
295.3518
20
196.0227
11
295.3518
21
178.8763
0
LINE
8
GORUNEN
6
CONTINUOUS
10
290.1262
20
193.7079
11
290.1153
21
193.9393
0
LINE
8
GORUNEN
6
CONTINUOUS
10
290.1153
20
193.9393
11
290.0869
21
194.1345
0
LINE
8
GORUNEN
6
CONTINUOUS
10
290.0869
20
194.1345
11
290.0465
21
194.2982
0
LINE
8
GORUNEN
6
CONTINUOUS
10
290.0465
20
194.2982
11
289.9984
21
194.4348
0
LINE
8
GORUNEN
6
CONTINUOUS
10
289.9984
20
194.4348
11
289.9458
21
194.5483
0
LINE
8
GORUNEN
6
CONTINUOUS
10
289.9458
20
194.5483
11
289.8912
21
194.6424
0
LINE
8
GORUNEN
6
CONTINUOUS
10
289.8912
20
194.6424
11
289.8363
21
194.7202
0
LINE
8
GORUNEN
6
CONTINUOUS
10
289.8363
20
194.7202
11
289.7761
21
194.7912
0
LINE
8
GORUNEN
6
CONTINUOUS
10
289.7761
20
194.7912
11
289.7109
21
194.8551
0
LINE
8
GORUNEN
6
CONTINUOUS
10
289.7109
20
194.8551
11
289.6408
21
194.9119
0
LINE
8
GORUNEN
6
CONTINUOUS
10
289.6408
20
194.9119
11
289.5995
21
194.9406
0
LINE
8
GORUNEN
6
CONTINUOUS
10
289.5995
20
194.9406
11
289.5567
21
194.9668
0
LINE
8
GORUNEN
6
CONTINUOUS
10
289.5567
20
194.9668
11
289.4806
21
195.0062
0
LINE
8
GORUNEN
6
CONTINUOUS
10
289.4806
20
195.0062
11
289.4006
21
195.0385
0
LINE
8
GORUNEN
6
CONTINUOUS
10
289.4006
20
195.0385
11
289.3172
21
195.0636
0
LINE
8
GORUNEN
6
CONTINUOUS
10
289.3172
20
195.0636
11
289.2304
21
195.0816
0
LINE
8
GORUNEN
6
CONTINUOUS
10
289.2304
20
195.0816
11
289.1405
21
195.0923
0
LINE
8
GORUNEN
6
CONTINUOUS
10
289.1405
20
195.0923
11
289.0479
21
195.0956
0
LINE
8
GORUNEN
6
CONTINUOUS
10
289.0479
20
195.0956
11
288.9528
21
195.0917
0
LINE
8
GORUNEN
6
CONTINUOUS
10
288.9528
20
195.0917
11
288.8554
21
195.0805
0
LINE
8
GORUNEN
6
CONTINUOUS
10
288.8554
20
195.0805
11
288.7560
21
195.0620
0
LINE
8
GORUNEN
6
CONTINUOUS
10
288.7560
20
195.0620
11
288.6550
21
195.0364
0
LINE
8
GORUNEN
6
CONTINUOUS
10
288.6550
20
195.0364
11
288.5526
21
195.0035
0
LINE
8
GORUNEN
6
CONTINUOUS
10
288.5526
20
195.0035
11
288.4492
21
194.9637
0
LINE
8
GORUNEN
6
CONTINUOUS
10
288.4492
20
194.9637
11
288.3100
21
194.8998
0
LINE
8
GORUNEN
6
CONTINUOUS
10
288.3100
20
194.8998
11
288.1528
21
194.8137
0
LINE
8
GORUNEN
6
CONTINUOUS
10
288.1528
20
194.8137
11
287.9957
21
194.7129
0
LINE
8
GORUNEN
6
CONTINUOUS
10
287.9957
20
194.7129
11
287.8398
21
194.5982
0
LINE
8
GORUNEN
6
CONTINUOUS
10
287.8398
20
194.5982
11
287.6862
21
194.4704
0
LINE
8
GORUNEN
6
CONTINUOUS
10
287.6862
20
194.4704
11
287.4866
21
194.2809
0
LINE
8
GORUNEN
6
CONTINUOUS
10
287.4866
20
194.2809
11
287.2718
21
194.0442
0
LINE
8
GORUNEN
6
CONTINUOUS
10
287.2718
20
194.0442
11
287.0704
21
193.7861
0
LINE
8
GORUNEN
6
CONTINUOUS
10
287.0704
20
193.7861
11
286.8853
21
193.5103
0
LINE
8
GORUNEN
6
CONTINUOUS
10
286.8853
20
193.5103
11
286.7193
21
193.2209
0
LINE
8
GORUNEN
6
CONTINUOUS
10
286.7193
20
193.2209
11
286.5749
21
192.9222
0
LINE
8
GORUNEN
6
CONTINUOUS
10
286.5749
20
192.9222
11
286.4541
21
192.6184
0
LINE
8
GORUNEN
6
CONTINUOUS
10
286.4541
20
192.6184
11
286.3587
21
192.3142
0
LINE
8
GORUNEN
6
CONTINUOUS
10
286.3587
20
192.3142
11
286.2902
21
192.0140
0
LINE
8
GORUNEN
6
CONTINUOUS
10
286.2902
20
192.0140
11
286.2495
21
191.7222
0
LINE
8
GORUNEN
6
CONTINUOUS
10
286.2495
20
191.7222
11
286.2372
21
191.4431
0
LINE
8
GORUNEN
6
CONTINUOUS
10
286.2372
20
191.4431
11
286.2483
21
191.2291
0
LINE
8
GORUNEN
6
CONTINUOUS
10
286.2483
20
191.2291
11
286.2752
21
191.0427
0
LINE
8
GORUNEN
6
CONTINUOUS
10
286.2752
20
191.0427
11
286.3129
21
190.8857
0
LINE
8
GORUNEN
6
CONTINUOUS
10
286.3129
20
190.8857
11
286.3576
21
190.7542
0
LINE
8
GORUNEN
6
CONTINUOUS
10
286.3576
20
190.7542
11
286.4122
21
190.6327
0
LINE
8
GORUNEN
6
CONTINUOUS
10
286.4122
20
190.6327
11
286.4695
21
190.5323
0
LINE
8
GORUNEN
6
CONTINUOUS
10
286.4695
20
190.5323
11
286.5276
21
190.4497
0
LINE
8
GORUNEN
6
CONTINUOUS
10
286.5276
20
190.4497
11
286.5916
21
190.3748
0
LINE
8
GORUNEN
6
CONTINUOUS
10
286.5916
20
190.3748
11
286.6613
21
190.3077
0
LINE
8
GORUNEN
6
CONTINUOUS
10
286.6613
20
190.3077
11
286.7286
21
190.2542
0
LINE
8
GORUNEN
6
CONTINUOUS
10
286.7286
20
190.2542
11
286.7670
21
190.2279
0
LINE
8
GORUNEN
6
CONTINUOUS
10
286.7670
20
190.2279
11
286.8067
21
190.2037
0
LINE
8
GORUNEN
6
CONTINUOUS
10
286.8067
20
190.2037
11
286.8829
21
190.1643
0
LINE
8
GORUNEN
6
CONTINUOUS
10
286.8829
20
190.1643
11
286.9628
21
190.1320
0
LINE
8
GORUNEN
6
CONTINUOUS
10
286.9628
20
190.1320
11
287.0463
21
190.1069
0
LINE
8
GORUNEN
6
CONTINUOUS
10
287.0463
20
190.1069
11
287.1330
21
190.0889
0
LINE
8
GORUNEN
6
CONTINUOUS
10
287.1330
20
190.0889
11
287.2229
21
190.0783
0
LINE
8
GORUNEN
6
CONTINUOUS
10
287.2229
20
190.0783
11
287.3155
21
190.0749
0
LINE
8
GORUNEN
6
CONTINUOUS
10
287.3155
20
190.0749
11
287.4106
21
190.0788
0
LINE
8
GORUNEN
6
CONTINUOUS
10
287.4106
20
190.0788
11
287.5080
21
190.0900
0
LINE
8
GORUNEN
6
CONTINUOUS
10
287.5080
20
190.0900
11
287.6074
21
190.1085
0
LINE
8
GORUNEN
6
CONTINUOUS
10
287.6074
20
190.1085
11
287.7084
21
190.1341
0
LINE
8
GORUNEN
6
CONTINUOUS
10
287.7084
20
190.1341
11
287.8108
21
190.1670
0
LINE
8
GORUNEN
6
CONTINUOUS
10
287.8108
20
190.1670
11
287.9143
21
190.2068
0
LINE
8
GORUNEN
6
CONTINUOUS
10
287.9143
20
190.2068
11
288.0534
21
190.2707
0
LINE
8
GORUNEN
6
CONTINUOUS
10
288.0534
20
190.2707
11
288.2107
21
190.3569
0
LINE
8
GORUNEN
6
CONTINUOUS
10
288.2107
20
190.3569
11
288.3677
21
190.4576
0
LINE
8
GORUNEN
6
CONTINUOUS
10
288.3677
20
190.4576
11
288.5236
21
190.5723
0
LINE
8
GORUNEN
6
CONTINUOUS
10
288.5236
20
190.5723
11
288.6772
21
190.7001
0
LINE
8
GORUNEN
6
CONTINUOUS
10
288.6772
20
190.7001
11
288.8769
21
190.8896
0
LINE
8
GORUNEN
6
CONTINUOUS
10
288.8769
20
190.8896
11
289.0917
21
191.1263
0
LINE
8
GORUNEN
6
CONTINUOUS
10
289.0917
20
191.1263
11
289.2931
21
191.3844
0
LINE
8
GORUNEN
6
CONTINUOUS
10
289.2931
20
191.3844
11
289.4781
21
191.6602
0
LINE
8
GORUNEN
6
CONTINUOUS
10
289.4781
20
191.6602
11
289.6441
21
191.9496
0
LINE
8
GORUNEN
6
CONTINUOUS
10
289.6441
20
191.9496
11
289.7885
21
192.2483
0
LINE
8
GORUNEN
6
CONTINUOUS
10
289.7885
20
192.2483
11
289.9093
21
192.5521
0
LINE
8
GORUNEN
6
CONTINUOUS
10
289.9093
20
192.5521
11
290.0047
21
192.8563
0
LINE
8
GORUNEN
6
CONTINUOUS
10
290.0047
20
192.8563
11
290.0732
21
193.1565
0
LINE
8
GORUNEN
6
CONTINUOUS
10
290.0732
20
193.1565
11
290.1129
21
193.4381
0
LINE
8
GORUNEN
6
CONTINUOUS
10
290.1129
20
193.4381
11
290.1262
21
193.7079
0
LINE
8
GORUNEN
6
CONTINUOUS
10
290.1262
20
216.7985
11
290.1153
21
217.0298
0
LINE
8
GORUNEN
6
CONTINUOUS
10
290.1153
20
217.0298
11
290.0869
21
217.2250
0
LINE
8
GORUNEN
6
CONTINUOUS
10
290.0869
20
217.2250
11
290.0465
21
217.3888
0
LINE
8
GORUNEN
6
CONTINUOUS
10
290.0465
20
217.3888
11
289.9984
21
217.5254
0
LINE
8
GORUNEN
6
CONTINUOUS
10
289.9984
20
217.5254
11
289.9458
21
217.6389
0
LINE
8
GORUNEN
6
CONTINUOUS
10
289.9458
20
217.6389
11
289.8912
21
217.7329
0
LINE
8
GORUNEN
6
CONTINUOUS
10
289.8912
20
217.7329
11
289.8363
21
217.8107
0
LINE
8
GORUNEN
6
CONTINUOUS
10
289.8363
20
217.8107
11
289.7761
21
217.8817
0
LINE
8
GORUNEN
6
CONTINUOUS
10
289.7761
20
217.8817
11
289.7109
21
217.9457
0
LINE
8
GORUNEN
6
CONTINUOUS
10
289.7109
20
217.9457
11
289.6408
21
218.0025
0
LINE
8
GORUNEN
6
CONTINUOUS
10
289.6408
20
218.0025
11
289.5995
21
218.0311
0
LINE
8
GORUNEN
6
CONTINUOUS
10
289.5995
20
218.0311
11
289.5567
21
218.0573
0
LINE
8
GORUNEN
6
CONTINUOUS
10
289.5567
20
218.0573
11
289.4806
21
218.0967
0
LINE
8
GORUNEN
6
CONTINUOUS
10
289.4806
20
218.0967
11
289.4006
21
218.1290
0
LINE
8
GORUNEN
6
CONTINUOUS
10
289.4006
20
218.1290
11
289.3172
21
218.1541
0
LINE
8
GORUNEN
6
CONTINUOUS
10
289.3172
20
218.1541
11
289.2304
21
218.1721
0
LINE
8
GORUNEN
6
CONTINUOUS
10
289.2304
20
218.1721
11
289.1405
21
218.1828
0
LINE
8
GORUNEN
6
CONTINUOUS
10
289.1405
20
218.1828
11
289.0479
21
218.1862
0
LINE
8
GORUNEN
6
CONTINUOUS
10
289.0479
20
218.1862
11
288.9528
21
218.1822
0
LINE
8
GORUNEN
6
CONTINUOUS
10
288.9528
20
218.1822
11
288.8554
21
218.1710
0
LINE
8
GORUNEN
6
CONTINUOUS
10
288.8554
20
218.1710
11
288.7560
21
218.1526
0
LINE
8
GORUNEN
6
CONTINUOUS
10
288.7560
20
218.1526
11
288.6550
21
218.1269
0
LINE
8
GORUNEN
6
CONTINUOUS
10
288.6550
20
218.1269
11
288.5526
21
218.0941
0
LINE
8
GORUNEN
6
CONTINUOUS
10
288.5526
20
218.0941
11
288.4492
21
218.0542
0
LINE
8
GORUNEN
6
CONTINUOUS
10
288.4492
20
218.0542
11
288.3100
21
217.9903
0
LINE
8
GORUNEN
6
CONTINUOUS
10
288.3100
20
217.9903
11
288.1528
21
217.9042
0
LINE
8
GORUNEN
6
CONTINUOUS
10
288.1528
20
217.9042
11
287.9957
21
217.8034
0
LINE
8
GORUNEN
6
CONTINUOUS
10
287.9957
20
217.8034
11
287.8398
21
217.6888
0
LINE
8
GORUNEN
6
CONTINUOUS
10
287.8398
20
217.6888
11
287.6862
21
217.5609
0
LINE
8
GORUNEN
6
CONTINUOUS
10
287.6862
20
217.5609
11
287.4866
21
217.3714
0
LINE
8
GORUNEN
6
CONTINUOUS
10
287.4866
20
217.3714
11
287.2718
21
217.1348
0
LINE
8
GORUNEN
6
CONTINUOUS
10
287.2718
20
217.1348
11
287.0704
21
216.8766
0
LINE
8
GORUNEN
6
CONTINUOUS
10
287.0704
20
216.8766
11
286.8853
21
216.6009
0
LINE
8
GORUNEN
6
CONTINUOUS
10
286.8853
20
216.6009
11
286.7193
21
216.3114
0
LINE
8
GORUNEN
6
CONTINUOUS
10
286.7193
20
216.3114
11
286.5749
21
216.0127
0
LINE
8
GORUNEN
6
CONTINUOUS
10
286.5749
20
216.0127
11
286.4541
21
215.7090
0
LINE
8
GORUNEN
6
CONTINUOUS
10
286.4541
20
215.7090
11
286.3587
21
215.4047
0
LINE
8
GORUNEN
6
CONTINUOUS
10
286.3587
20
215.4047
11
286.2902
21
215.1045
0
LINE
8
GORUNEN
6
CONTINUOUS
10
286.2902
20
215.1045
11
286.2495
21
214.8127
0
LINE
8
GORUNEN
6
CONTINUOUS
10
286.2495
20
214.8127
11
286.2372
21
214.5336
0
LINE
8
GORUNEN
6
CONTINUOUS
10
286.2372
20
214.5336
11
286.2483
21
214.3197
0
LINE
8
GORUNEN
6
CONTINUOUS
10
286.2483
20
214.3197
11
286.2752
21
214.1332
0
LINE
8
GORUNEN
6
CONTINUOUS
10
286.2752
20
214.1332
11
286.3129
21
213.9763
0
LINE
8
GORUNEN
6
CONTINUOUS
10
286.3129
20
213.9763
11
286.3576
21
213.8448
0
LINE
8
GORUNEN
6
CONTINUOUS
10
286.3576
20
213.8448
11
286.4122
21
213.7232
0
LINE
8
GORUNEN
6
CONTINUOUS
10
286.4122
20
213.7232
11
286.4695
21
213.6229
0
LINE
8
GORUNEN
6
CONTINUOUS
10
286.4695
20
213.6229
11
286.5276
21
213.5403
0
LINE
8
GORUNEN
6
CONTINUOUS
10
286.5276
20
213.5403
11
286.5916
21
213.4653
0
LINE
8
GORUNEN
6
CONTINUOUS
10
286.5916
20
213.4653
11
286.6613
21
213.3982
0
LINE
8
GORUNEN
6
CONTINUOUS
10
286.6613
20
213.3982
11
286.7286
21
213.3447
0
LINE
8
GORUNEN
6
CONTINUOUS
10
286.7286
20
213.3447
11
286.7670
21
213.3185
0
LINE
8
GORUNEN
6
CONTINUOUS
10
286.7670
20
213.3185
11
286.8067
21
213.2942
0
LINE
8
GORUNEN
6
CONTINUOUS
10
286.8067
20
213.2942
11
286.8829
21
213.2549
0
LINE
8
GORUNEN
6
CONTINUOUS
10
286.8829
20
213.2549
11
286.9628
21
213.2226
0
LINE
8
GORUNEN
6
CONTINUOUS
10
286.9628
20
213.2226
11
287.0463
21
213.1974
0
LINE
8
GORUNEN
6
CONTINUOUS
10
287.0463
20
213.1974
11
287.1330
21
213.1795
0
LINE
8
GORUNEN
6
CONTINUOUS
10
287.1330
20
213.1795
11
287.2229
21
213.1688
0
LINE
8
GORUNEN
6
CONTINUOUS
10
287.2229
20
213.1688
11
287.3155
21
213.1654
0
LINE
8
GORUNEN
6
CONTINUOUS
10
287.3155
20
213.1654
11
287.4106
21
213.1693
0
LINE
8
GORUNEN
6
CONTINUOUS
10
287.4106
20
213.1693
11
287.5080
21
213.1805
0
LINE
8
GORUNEN
6
CONTINUOUS
10
287.5080
20
213.1805
11
287.6074
21
213.1990
0
LINE
8
GORUNEN
6
CONTINUOUS
10
287.6074
20
213.1990
11
287.7084
21
213.2247
0
LINE
8
GORUNEN
6
CONTINUOUS
10
287.7084
20
213.2247
11
287.8108
21
213.2575
0
LINE
8
GORUNEN
6
CONTINUOUS
10
287.8108
20
213.2575
11
287.9143
21
213.2973
0
LINE
8
GORUNEN
6
CONTINUOUS
10
287.9143
20
213.2973
11
288.0534
21
213.3612
0
LINE
8
GORUNEN
6
CONTINUOUS
10
288.0534
20
213.3612
11
288.2107
21
213.4474
0
LINE
8
GORUNEN
6
CONTINUOUS
10
288.2107
20
213.4474
11
288.3677
21
213.5481
0
LINE
8
GORUNEN
6
CONTINUOUS
10
288.3677
20
213.5481
11
288.5236
21
213.6628
0
LINE
8
GORUNEN
6
CONTINUOUS
10
288.5236
20
213.6628
11
288.6772
21
213.7906
0
LINE
8
GORUNEN
6
CONTINUOUS
10
288.6772
20
213.7906
11
288.8769
21
213.9801
0
LINE
8
GORUNEN
6
CONTINUOUS
10
288.8769
20
213.9801
11
289.0917
21
214.2168
0
LINE
8
GORUNEN
6
CONTINUOUS
10
289.0917
20
214.2168
11
289.2931
21
214.4749
0
LINE
8
GORUNEN
6
CONTINUOUS
10
289.2931
20
214.4749
11
289.4781
21
214.7507
0
LINE
8
GORUNEN
6
CONTINUOUS
10
289.4781
20
214.7507
11
289.6441
21
215.0401
0
LINE
8
GORUNEN
6
CONTINUOUS
10
289.6441
20
215.0401
11
289.7885
21
215.3389
0
LINE
8
GORUNEN
6
CONTINUOUS
10
289.7885
20
215.3389
11
289.9093
21
215.6426
0
LINE
8
GORUNEN
6
CONTINUOUS
10
289.9093
20
215.6426
11
290.0047
21
215.9468
0
LINE
8
GORUNEN
6
CONTINUOUS
10
290.0047
20
215.9468
11
290.0732
21
216.2470
0
LINE
8
GORUNEN
6
CONTINUOUS
10
290.0732
20
216.2470
11
290.1129
21
216.5286
0
LINE
8
GORUNEN
6
CONTINUOUS
10
290.1129
20
216.5286
11
290.1262
21
216.7985
0
LINE
8
GORUNEN
6
CONTINUOUS
10
310.1232
20
205.2532
11
310.1123
21
205.4845
0
LINE
8
GORUNEN
6
CONTINUOUS
10
310.1123
20
205.4845
11
310.0839
21
205.6798
0
LINE
8
GORUNEN
6
CONTINUOUS
10
310.0839
20
205.6798
11
310.0435
21
205.8435
0
LINE
8
GORUNEN
6
CONTINUOUS
10
310.0435
20
205.8435
11
309.9954
21
205.9801
0
LINE
8
GORUNEN
6
CONTINUOUS
10
309.9954
20
205.9801
11
309.9428
21
206.0936
0
LINE
8
GORUNEN
6
CONTINUOUS
10
309.9428
20
206.0936
11
309.8882
21
206.1877
0
LINE
8
GORUNEN
6
CONTINUOUS
10
309.8882
20
206.1877
11
309.8332
21
206.2654
0
LINE
8
GORUNEN
6
CONTINUOUS
10
309.8332
20
206.2654
11
309.7731
21
206.3364
0
LINE
8
GORUNEN
6
CONTINUOUS
10
309.7731
20
206.3364
11
309.7079
21
206.4004
0
LINE
8
GORUNEN
6
CONTINUOUS
10
309.7079
20
206.4004
11
309.6378
21
206.4572
0
LINE
8
GORUNEN
6
CONTINUOUS
10
309.6378
20
206.4572
11
309.5964
21
206.4858
0
LINE
8
GORUNEN
6
CONTINUOUS
10
309.5964
20
206.4858
11
309.5537
21
206.5121
0
LINE
8
GORUNEN
6
CONTINUOUS
10
309.5537
20
206.5121
11
309.4775
21
206.5514
0
LINE
8
GORUNEN
6
CONTINUOUS
10
309.4775
20
206.5514
11
309.3976
21
206.5837
0
LINE
8
GORUNEN
6
CONTINUOUS
10
309.3976
20
206.5837
11
309.3141
21
206.6089
0
LINE
8
GORUNEN
6
CONTINUOUS
10
309.3141
20
206.6089
11
309.2274
21
206.6268
0
LINE
8
GORUNEN
6
CONTINUOUS
10
309.2274
20
206.6268
11
309.1375
21
206.6375
0
LINE
8
GORUNEN
6
CONTINUOUS
10
309.1375
20
206.6375
11
309.0449
21
206.6409
0
LINE
8
GORUNEN
6
CONTINUOUS
10
309.0449
20
206.6409
11
308.9498
21
206.6370
0
LINE
8
GORUNEN
6
CONTINUOUS
10
308.9498
20
206.6370
11
308.8524
21
206.6258
0
LINE
8
GORUNEN
6
CONTINUOUS
10
308.8524
20
206.6258
11
308.7530
21
206.6073
0
LINE
8
GORUNEN
6
CONTINUOUS
10
308.7530
20
206.6073
11
308.6520
21
206.5816
0
LINE
8
GORUNEN
6
CONTINUOUS
10
308.6520
20
206.5816
11
308.5496
21
206.5488
0
LINE
8
GORUNEN
6
CONTINUOUS
10
308.5496
20
206.5488
11
308.4461
21
206.5090
0
LINE
8
GORUNEN
6
CONTINUOUS
10
308.4461
20
206.5090
11
308.3070
21
206.4451
0
LINE
8
GORUNEN
6
CONTINUOUS
10
308.3070
20
206.4451
11
308.1497
21
206.3589
0
LINE
8
GORUNEN
6
CONTINUOUS
10
308.1497
20
206.3589
11
307.9926
21
206.2582
0
LINE
8
GORUNEN
6
CONTINUOUS
10
307.9926
20
206.2582
11
307.8368
21
206.1435
0
LINE
8
GORUNEN
6
CONTINUOUS
10
307.8368
20
206.1435
11
307.6832
21
206.0157
0
LINE
8
GORUNEN
6
CONTINUOUS
10
307.6832
20
206.0157
11
307.4835
21
205.8262
0
LINE
8
GORUNEN
6
CONTINUOUS
10
307.4835
20
205.8262
11
307.2687
21
205.5895
0
LINE
8
GORUNEN
6
CONTINUOUS
10
307.2687
20
205.5895
11
307.0673
21
205.3314
0
LINE
8
GORUNEN
6
CONTINUOUS
10
307.0673
20
205.3314
11
306.8823
21
205.0556
0
LINE
8
GORUNEN
6
CONTINUOUS
10
306.8823
20
205.0556
11
306.7163
21
204.7662
0
LINE
8
GORUNEN
6
CONTINUOUS
10
306.7163
20
204.7662
11
306.5719
21
204.4674
0
LINE
8
GORUNEN
6
CONTINUOUS
10
306.5719
20
204.4674
11
306.4511
21
204.1637
0
LINE
8
GORUNEN
6
CONTINUOUS
10
306.4511
20
204.1637
11
306.3557
21
203.8595
0
LINE
8
GORUNEN
6
CONTINUOUS
10
306.3557
20
203.8595
11
306.2872
21
203.5593
0
LINE
8
GORUNEN
6
CONTINUOUS
10
306.2872
20
203.5593
11
306.2465
21
203.2674
0
LINE
8
GORUNEN
6
CONTINUOUS
10
306.2465
20
203.2674
11
306.2342
21
202.9883
0
LINE
8
GORUNEN
6
CONTINUOUS
10
306.2342
20
202.9883
11
306.2453
21
202.7744
0
LINE
8
GORUNEN
6
CONTINUOUS
10
306.2453
20
202.7744
11
306.2722
21
202.5879
0
LINE
8
GORUNEN
6
CONTINUOUS
10
306.2722
20
202.5879
11
306.3099
21
202.4310
0
LINE
8
GORUNEN
6
CONTINUOUS
10
306.3099
20
202.4310
11
306.3546
21
202.2995
0
LINE
8
GORUNEN
6
CONTINUOUS
10
306.3546
20
202.2995
11
306.4091
21
202.1779
0
LINE
8
GORUNEN
6
CONTINUOUS
10
306.4091
20
202.1779
11
306.4665
21
202.0776
0
LINE
8
GORUNEN
6
CONTINUOUS
10
306.4665
20
202.0776
11
306.5246
21
201.9950
0
LINE
8
GORUNEN
6
CONTINUOUS
10
306.5246
20
201.9950
11
306.5886
21
201.9200
0
LINE
8
GORUNEN
6
CONTINUOUS
10
306.5886
20
201.9200
11
306.6582
21
201.8529
0
LINE
8
GORUNEN
6
CONTINUOUS
10
306.6582
20
201.8529
11
306.7256
21
201.7995
0
LINE
8
GORUNEN
6
CONTINUOUS
10
306.7256
20
201.7995
11
306.7640
21
201.7732
0
LINE
8
GORUNEN
6
CONTINUOUS
10
306.7640
20
201.7732
11
306.8037
21
201.7489
0
LINE
8
GORUNEN
6
CONTINUOUS
10
306.8037
20
201.7489
11
306.8798
21
201.7096
0
LINE
8
GORUNEN
6
CONTINUOUS
10
306.8798
20
201.7096
11
306.9598
21
201.6773
0
LINE
8
GORUNEN
6
CONTINUOUS
10
306.9598
20
201.6773
11
307.0432
21
201.6521
0
LINE
8
GORUNEN
6
CONTINUOUS
10
307.0432
20
201.6521
11
307.1300
21
201.6342
0
LINE
8
GORUNEN
6
CONTINUOUS
10
307.1300
20
201.6342
11
307.2198
21
201.6235
0
LINE
8
GORUNEN
6
CONTINUOUS
10
307.2198
20
201.6235
11
307.3125
21
201.6201
0
LINE
8
GORUNEN
6
CONTINUOUS
10
307.3125
20
201.6201
11
307.4076
21
201.6240
0
LINE
8
GORUNEN
6
CONTINUOUS
10
307.4076
20
201.6240
11
307.5050
21
201.6353
0
LINE
8
GORUNEN
6
CONTINUOUS
10
307.5050
20
201.6353
11
307.6043
21
201.6537
0
LINE
8
GORUNEN
6
CONTINUOUS
10
307.6043
20
201.6537
11
307.7054
21
201.6794
0
LINE
8
GORUNEN
6
CONTINUOUS
10
307.7054
20
201.6794
11
307.8078
21
201.7122
0
LINE
8
GORUNEN
6
CONTINUOUS
10
307.8078
20
201.7122
11
307.9112
21
201.7521
0
LINE
8
GORUNEN
6
CONTINUOUS
10
307.9112
20
201.7521
11
308.0504
21
201.8160
0
LINE
8
GORUNEN
6
CONTINUOUS
10
308.0504
20
201.8160
11
308.2076
21
201.9021
0
LINE
8
GORUNEN
6
CONTINUOUS
10
308.2076
20
201.9021
11
308.3647
21
202.0029
0
LINE
8
GORUNEN
6
CONTINUOUS
10
308.3647
20
202.0029
11
308.5206
21
202.1175
0
LINE
8
GORUNEN
6
CONTINUOUS
10
308.5206
20
202.1175
11
308.6742
21
202.2454
0
LINE
8
GORUNEN
6
CONTINUOUS
10
308.6742
20
202.2454
11
308.8738
21
202.4349
0
LINE
8
GORUNEN
6
CONTINUOUS
10
308.8738
20
202.4349
11
309.0886
21
202.6715
0
LINE
8
GORUNEN
6
CONTINUOUS
10
309.0886
20
202.6715
11
309.2900
21
202.9296
0
LINE
8
GORUNEN
6
CONTINUOUS
10
309.2900
20
202.9296
11
309.4751
21
203.2054
0
LINE
8
GORUNEN
6
CONTINUOUS
10
309.4751
20
203.2054
11
309.6411
21
203.4948
0
LINE
8
GORUNEN
6
CONTINUOUS
10
309.6411
20
203.4948
11
309.7855
21
203.7936
0
LINE
8
GORUNEN
6
CONTINUOUS
10
309.7855
20
203.7936
11
309.9063
21
204.0973
0
LINE
8
GORUNEN
6
CONTINUOUS
10
309.9063
20
204.0973
11
310.0017
21
204.4015
0
LINE
8
GORUNEN
6
CONTINUOUS
10
310.0017
20
204.4015
11
310.0702
21
204.7018
0
LINE
8
GORUNEN
6
CONTINUOUS
10
310.0702
20
204.7018
11
310.1099
21
204.9833
0
LINE
8
GORUNEN
6
CONTINUOUS
10
310.1099
20
204.9833
11
310.1232
21
205.2532
0
LINE
8
GORUNEN
6
CONTINUOUS
10
305.9584
20
214.3939
11
305.9147
21
215.3192
0
LINE
8
GORUNEN
6
CONTINUOUS
10
305.9147
20
215.3192
11
305.8011
21
216.1002
0
LINE
8
GORUNEN
6
CONTINUOUS
10
305.8011
20
216.1002
11
305.6395
21
216.7551
0
LINE
8
GORUNEN
6
CONTINUOUS
10
305.6395
20
216.7551
11
305.4470
21
217.3015
0
LINE
8
GORUNEN
6
CONTINUOUS
10
305.4470
20
217.3015
11
305.2366
21
217.7555
0
LINE
8
GORUNEN
6
CONTINUOUS
10
305.2366
20
217.7555
11
305.0181
21
218.1317
0
LINE
8
GORUNEN
6
CONTINUOUS
10
305.0181
20
218.1317
11
304.7984
21
218.4428
0
LINE
8
GORUNEN
6
CONTINUOUS
10
304.7984
20
218.4428
11
304.5578
21
218.7268
0
LINE
8
GORUNEN
6
CONTINUOUS
10
304.5578
20
218.7268
11
304.2969
21
218.9827
0
LINE
8
GORUNEN
6
CONTINUOUS
10
304.2969
20
218.9827
11
304.0166
21
219.2099
0
LINE
8
GORUNEN
6
CONTINUOUS
10
304.0166
20
219.2099
11
303.8512
21
219.3243
0
LINE
8
GORUNEN
6
CONTINUOUS
10
303.8512
20
219.3243
11
303.6802
21
219.4294
0
LINE
8
GORUNEN
6
CONTINUOUS
10
303.6802
20
219.4294
11
303.3756
21
219.5868
0
LINE
8
GORUNEN
6
CONTINUOUS
10
303.3756
20
219.5868
11
303.0559
21
219.7160
0
LINE
8
GORUNEN
6
CONTINUOUS
10
303.0559
20
219.7160
11
302.7220
21
219.8166
0
LINE
8
GORUNEN
6
CONTINUOUS
10
302.7220
20
219.8166
11
302.3749
21
219.8884
0
LINE
8
GORUNEN
6
CONTINUOUS
10
302.3749
20
219.8884
11
302.0155
21
219.9312
0
LINE
8
GORUNEN
6
CONTINUOUS
10
302.0155
20
219.9312
11
301.6450
21
219.9447
0
LINE
8
GORUNEN
6
CONTINUOUS
10
301.6450
20
219.9447
11
301.2645
21
219.9290
0
LINE
8
GORUNEN
6
CONTINUOUS
10
301.2645
20
219.9290
11
300.8749
21
219.8842
0
LINE
8
GORUNEN
6
CONTINUOUS
10
300.8749
20
219.8842
11
300.4775
21
219.8103
0
LINE
8
GORUNEN
6
CONTINUOUS
10
300.4775
20
219.8103
11
300.0735
21
219.7076
0
LINE
8
GORUNEN
6
CONTINUOUS
10
300.0735
20
219.7076
11
299.6639
21
219.5763
0
LINE
8
GORUNEN
6
CONTINUOUS
10
299.6639
20
219.5763
11
299.2500
21
219.4169
0
LINE
8
GORUNEN
6
CONTINUOUS
10
299.2500
20
219.4169
11
298.6935
21
219.1614
0
LINE
8
GORUNEN
6
CONTINUOUS
10
298.6935
20
219.1614
11
298.0644
21
218.8167
0
LINE
8
GORUNEN
6
CONTINUOUS
10
298.0644
20
218.8167
11
297.4360
21
218.4138
0
LINE
8
GORUNEN
6
CONTINUOUS
10
297.4360
20
218.4138
11
296.8126
21
217.9551
0
LINE
8
GORUNEN
6
CONTINUOUS
10
296.8126
20
217.9551
11
296.1981
21
217.4437
0
LINE
8
GORUNEN
6
CONTINUOUS
10
296.1981
20
217.4437
11
295.3996
21
216.6857
0
LINE
8
GORUNEN
6
CONTINUOUS
10
295.3996
20
216.6857
11
294.5404
21
215.7391
0
LINE
8
GORUNEN
6
CONTINUOUS
10
294.5404
20
215.7391
11
293.7348
21
214.7066
0
LINE
8
GORUNEN
6
CONTINUOUS
10
293.7348
20
214.7066
11
292.9946
21
213.6035
0
LINE
8
GORUNEN
6
CONTINUOUS
10
292.9946
20
213.6035
11
292.3307
21
212.4458
0
LINE
8
GORUNEN
6
CONTINUOUS
10
292.3307
20
212.4458
11
291.7529
21
211.2508
0
LINE
8
GORUNEN
6
CONTINUOUS
10
291.7529
20
211.2508
11
291.2698
21
210.0359
0
LINE
8
GORUNEN
6
CONTINUOUS
10
291.2698
20
210.0359
11
290.8883
21
208.8190
0
LINE
8
GORUNEN
6
CONTINUOUS
10
290.8883
20
208.8190
11
290.6141
21
207.6181
0
LINE
8
GORUNEN
6
CONTINUOUS
10
290.6141
20
207.6181
11
290.4514
21
206.4509
0
LINE
8
GORUNEN
6
CONTINUOUS
10
290.4514
20
206.4509
11
290.4023
21
205.3344
0
LINE
8
GORUNEN
6
CONTINUOUS
10
290.4023
20
205.3344
11
290.4465
21
204.4787
0
LINE
8
GORUNEN
6
CONTINUOUS
10
290.4465
20
204.4787
11
290.5541
21
203.7328
0
LINE
8
GORUNEN
6
CONTINUOUS
10
290.5541
20
203.7328
11
290.7050
21
203.1051
0
LINE
8
GORUNEN
6
CONTINUOUS
10
290.7050
20
203.1051
11
290.8837
21
202.5791
0
LINE
8
GORUNEN
6
CONTINUOUS
10
290.8837
20
202.5791
11
291.1020
21
202.0928
0
LINE
8
GORUNEN
6
CONTINUOUS
10
291.1020
20
202.0928
11
291.3315
21
201.6915
0
LINE
8
GORUNEN
6
CONTINUOUS
10
291.3315
20
201.6915
11
291.5638
21
201.3611
0
LINE
8
GORUNEN
6
CONTINUOUS
10
291.5638
20
201.3611
11
291.8198
21
201.0612
0
LINE
8
GORUNEN
6
CONTINUOUS
10
291.8198
20
201.0612
11
292.0984
21
200.7928
0
LINE
8
GORUNEN
6
CONTINUOUS
10
292.0984
20
200.7928
11
292.3677
21
200.5790
0
LINE
8
GORUNEN
6
CONTINUOUS
10
292.3677
20
200.5790
11
292.5215
21
200.4739
0
LINE
8
GORUNEN
6
CONTINUOUS
10
292.5215
20
200.4739
11
292.6802
21
200.3769
0
LINE
8
GORUNEN
6
CONTINUOUS
10
292.6802
20
200.3769
11
292.9848
21
200.2195
0
LINE
8
GORUNEN
6
CONTINUOUS
10
292.9848
20
200.2195
11
293.3045
21
200.0903
0
LINE
8
GORUNEN
6
CONTINUOUS
10
293.3045
20
200.0903
11
293.6384
21
199.9897
0
LINE
8
GORUNEN
6
CONTINUOUS
10
293.6384
20
199.9897
11
293.9855
21
199.9179
0
LINE
8
GORUNEN
6
CONTINUOUS
10
293.9855
20
199.9179
11
294.3449
21
199.8751
0
LINE
8
GORUNEN
6
CONTINUOUS
10
294.3449
20
199.8751
11
294.7153
21
199.8616
0
LINE
8
GORUNEN
6
CONTINUOUS
10
294.7153
20
199.8616
11
295.0959
21
199.8773
0
LINE
8
GORUNEN
6
CONTINUOUS
10
295.0959
20
199.8773
11
295.4855
21
199.9221
0
LINE
8
GORUNEN
6
CONTINUOUS
10
295.4855
20
199.9221
11
295.8829
21
199.9960
0
LINE
8
GORUNEN
6
CONTINUOUS
10
295.8829
20
199.9960
11
296.2869
21
200.0987
0
LINE
8
GORUNEN
6
CONTINUOUS
10
296.2869
20
200.0987
11
296.6965
21
200.2300
0
LINE
8
GORUNEN
6
CONTINUOUS
10
296.6965
20
200.2300
11
297.1104
21
200.3894
0
LINE
8
GORUNEN
6
CONTINUOUS
10
297.1104
20
200.3894
11
297.6669
21
200.6449
0
LINE
8
GORUNEN
6
CONTINUOUS
10
297.6669
20
200.6449
11
298.2960
21
200.9895
0
LINE
8
GORUNEN
6
CONTINUOUS
10
298.2960
20
200.9895
11
298.9243
21
201.3925
0
LINE
8
GORUNEN
6
CONTINUOUS
10
298.9243
20
201.3925
11
299.5478
21
201.8512
0
LINE
8
GORUNEN
6
CONTINUOUS
10
299.5478
20
201.8512
11
300.1623
21
202.3626
0
LINE
8
GORUNEN
6
CONTINUOUS
10
300.1623
20
202.3626
11
300.9608
21
203.1206
0
LINE
8
GORUNEN
6
CONTINUOUS
10
300.9608
20
203.1206
11
301.8200
21
204.0672
0
LINE
8
GORUNEN
6
CONTINUOUS
10
301.8200
20
204.0672
11
302.6256
21
205.0997
0
LINE
8
GORUNEN
6
CONTINUOUS
10
302.6256
20
205.0997
11
303.3658
21
206.2028
0
LINE
8
GORUNEN
6
CONTINUOUS
10
303.3658
20
206.2028
11
304.0297
21
207.3605
0
LINE
8
GORUNEN
6
CONTINUOUS
10
304.0297
20
207.3605
11
304.6074
21
208.5555
0
LINE
8
GORUNEN
6
CONTINUOUS
10
304.6074
20
208.5555
11
305.0906
21
209.7704
0
LINE
8
GORUNEN
6
CONTINUOUS
10
305.0906
20
209.7704
11
305.4721
21
210.9873
0
LINE
8
GORUNEN
6
CONTINUOUS
10
305.4721
20
210.9873
11
305.7462
21
212.1882
0
LINE
8
GORUNEN
6
CONTINUOUS
10
305.7462
20
212.1882
11
305.9052
21
213.3144
0
LINE
8
GORUNEN
6
CONTINUOUS
10
305.9052
20
213.3144
11
305.9584
21
214.3939
0
LINE
8
GORUNEN
6
CONTINUOUS
10
310.1232
20
228.3437
11
310.1123
21
228.5750
0
LINE
8
GORUNEN
6
CONTINUOUS
10
310.1123
20
228.5750
11
310.0839
21
228.7703
0
LINE
8
GORUNEN
6
CONTINUOUS
10
310.0839
20
228.7703
11
310.0435
21
228.9340
0
LINE
8
GORUNEN
6
CONTINUOUS
10
310.0435
20
228.9340
11
309.9954
21
229.0706
0
LINE
8
GORUNEN
6
CONTINUOUS
10
309.9954
20
229.0706
11
309.9428
21
229.1841
0
LINE
8
GORUNEN
6
CONTINUOUS
10
309.9428
20
229.1841
11
309.8882
21
229.2782
0
LINE
8
GORUNEN
6
CONTINUOUS
10
309.8882
20
229.2782
11
309.8332
21
229.3560
0
LINE
8
GORUNEN
6
CONTINUOUS
10
309.8332
20
229.3560
11
309.7731
21
229.4269
0
LINE
8
GORUNEN
6
CONTINUOUS
10
309.7731
20
229.4269
11
309.7079
21
229.4909
0
LINE
8
GORUNEN
6
CONTINUOUS
10
309.7079
20
229.4909
11
309.6378
21
229.5477
0
LINE
8
GORUNEN
6
CONTINUOUS
10
309.6378
20
229.5477
11
309.5964
21
229.5763
0
LINE
8
GORUNEN
6
CONTINUOUS
10
309.5964
20
229.5763
11
309.5537
21
229.6026
0
LINE
8
GORUNEN
6
CONTINUOUS
10
309.5537
20
229.6026
11
309.4775
21
229.6420
0
LINE
8
GORUNEN
6
CONTINUOUS
10
309.4775
20
229.6420
11
309.3976
21
229.6743
0
LINE
8
GORUNEN
6
CONTINUOUS
10
309.3976
20
229.6743
11
309.3141
21
229.6994
0
LINE
8
GORUNEN
6
CONTINUOUS
10
309.3141
20
229.6994
11
309.2274
21
229.7174
0
LINE
8
GORUNEN
6
CONTINUOUS
10
309.2274
20
229.7174
11
309.1375
21
229.7280
0
LINE
8
GORUNEN
6
CONTINUOUS
10
309.1375
20
229.7280
11
309.0449
21
229.7314
0
LINE
8
GORUNEN
6
CONTINUOUS
10
309.0449
20
229.7314
11
308.9498
21
229.7275
0
LINE
8
GORUNEN
6
CONTINUOUS
10
308.9498
20
229.7275
11
308.8524
21
229.7163
0
LINE
8
GORUNEN
6
CONTINUOUS
10
308.8524
20
229.7163
11
308.7530
21
229.6978
0
LINE
8
GORUNEN
6
CONTINUOUS
10
308.7530
20
229.6978
11
308.6520
21
229.6721
0
LINE
8
GORUNEN
6
CONTINUOUS
10
308.6520
20
229.6721
11
308.5496
21
229.6393
0
LINE
8
GORUNEN
6
CONTINUOUS
10
308.5496
20
229.6393
11
308.4461
21
229.5995
0
LINE
8
GORUNEN
6
CONTINUOUS
10
308.4461
20
229.5995
11
308.3070
21
229.5356
0
LINE
8
GORUNEN
6
CONTINUOUS
10
308.3070
20
229.5356
11
308.1497
21
229.4494
0
LINE
8
GORUNEN
6
CONTINUOUS
10
308.1497
20
229.4494
11
307.9926
21
229.3487
0
LINE
8
GORUNEN
6
CONTINUOUS
10
307.9926
20
229.3487
11
307.8368
21
229.2340
0
LINE
8
GORUNEN
6
CONTINUOUS
10
307.8368
20
229.2340
11
307.6832
21
229.1062
0
LINE
8
GORUNEN
6
CONTINUOUS
10
307.6832
20
229.1062
11
307.4835
21
228.9167
0
LINE
8
GORUNEN
6
CONTINUOUS
10
307.4835
20
228.9167
11
307.2687
21
228.6800
0
LINE
8
GORUNEN
6
CONTINUOUS
10
307.2687
20
228.6800
11
307.0673
21
228.4219
0
LINE
8
GORUNEN
6
CONTINUOUS
10
307.0673
20
228.4219
11
306.8823
21
228.1461
0
LINE
8
GORUNEN
6
CONTINUOUS
10
306.8823
20
228.1461
11
306.7163
21
227.8567
0
LINE
8
GORUNEN
6
CONTINUOUS
10
306.7163
20
227.8567
11
306.5719
21
227.5579
0
LINE
8
GORUNEN
6
CONTINUOUS
10
306.5719
20
227.5579
11
306.4511
21
227.2542
0
LINE
8
GORUNEN
6
CONTINUOUS
10
306.4511
20
227.2542
11
306.3557
21
226.9500
0
LINE
8
GORUNEN
6
CONTINUOUS
10
306.3557
20
226.9500
11
306.2872
21
226.6498
0
LINE
8
GORUNEN
6
CONTINUOUS
10
306.2872
20
226.6498
11
306.2465
21
226.3580
0
LINE
8
GORUNEN
6
CONTINUOUS
10
306.2465
20
226.3580
11
306.2342
21
226.0789
0
LINE
8
GORUNEN
6
CONTINUOUS
10
306.2342
20
226.0789
11
306.2453
21
225.8649
0
LINE
8
GORUNEN
6
CONTINUOUS
10
306.2453
20
225.8649
11
306.2722
21
225.6785
0
LINE
8
GORUNEN
6
CONTINUOUS
10
306.2722
20
225.6785
11
306.3099
21
225.5215
0
LINE
8
GORUNEN
6
CONTINUOUS
10
306.3099
20
225.5215
11
306.3546
21
225.3900
0
LINE
8
GORUNEN
6
CONTINUOUS
10
306.3546
20
225.3900
11
306.4091
21
225.2685
0
LINE
8
GORUNEN
6
CONTINUOUS
10
306.4091
20
225.2685
11
306.4665
21
225.1681
0
LINE
8
GORUNEN
6
CONTINUOUS
10
306.4665
20
225.1681
11
306.5246
21
225.0855
0
LINE
8
GORUNEN
6
CONTINUOUS
10
306.5246
20
225.0855
11
306.5886
21
225.0105
0
LINE
8
GORUNEN
6
CONTINUOUS
10
306.5886
20
225.0105
11
306.6582
21
224.9435
0
LINE
8
GORUNEN
6
CONTINUOUS
10
306.6582
20
224.9435
11
306.7256
21
224.8900
0
LINE
8
GORUNEN
6
CONTINUOUS
10
306.7256
20
224.8900
11
306.7640
21
224.8637
0
LINE
8
GORUNEN
6
CONTINUOUS
10
306.7640
20
224.8637
11
306.8037
21
224.8395
0
LINE
8
GORUNEN
6
CONTINUOUS
10
306.8037
20
224.8395
11
306.8798
21
224.8001
0
LINE
8
GORUNEN
6
CONTINUOUS
10
306.8798
20
224.8001
11
306.9598
21
224.7678
0
LINE
8
GORUNEN
6
CONTINUOUS
10
306.9598
20
224.7678
11
307.0432
21
224.7427
0
LINE
8
GORUNEN
6
CONTINUOUS
10
307.0432
20
224.7427
11
307.1300
21
224.7247
0
LINE
8
GORUNEN
6
CONTINUOUS
10
307.1300
20
224.7247
11
307.2198
21
224.7140
0
LINE
8
GORUNEN
6
CONTINUOUS
10
307.2198
20
224.7140
11
307.3125
21
224.7106
0
LINE
8
GORUNEN
6
CONTINUOUS
10
307.3125
20
224.7106
11
307.4076
21
224.7146
0
LINE
8
GORUNEN
6
CONTINUOUS
10
307.4076
20
224.7146
11
307.5050
21
224.7258
0
LINE
8
GORUNEN
6
CONTINUOUS
10
307.5050
20
224.7258
11
307.6043
21
224.7443
0
LINE
8
GORUNEN
6
CONTINUOUS
10
307.6043
20
224.7443
11
307.7054
21
224.7699
0
LINE
8
GORUNEN
6
CONTINUOUS
10
307.7054
20
224.7699
11
307.8078
21
224.8027
0
LINE
8
GORUNEN
6
CONTINUOUS
10
307.8078
20
224.8027
11
307.9112
21
224.8426
0
LINE
8
GORUNEN
6
CONTINUOUS
10
307.9112
20
224.8426
11
308.0504
21
224.9065
0
LINE
8
GORUNEN
6
CONTINUOUS
10
308.0504
20
224.9065
11
308.2076
21
224.9926
0
LINE
8
GORUNEN
6
CONTINUOUS
10
308.2076
20
224.9926
11
308.3647
21
225.0934
0
LINE
8
GORUNEN
6
CONTINUOUS
10
308.3647
20
225.0934
11
308.5206
21
225.2081
0
LINE
8
GORUNEN
6
CONTINUOUS
10
308.5206
20
225.2081
11
308.6742
21
225.3359
0
LINE
8
GORUNEN
6
CONTINUOUS
10
308.6742
20
225.3359
11
308.8738
21
225.5254
0
LINE
8
GORUNEN
6
CONTINUOUS
10
308.8738
20
225.5254
11
309.0886
21
225.7620
0
LINE
8
GORUNEN
6
CONTINUOUS
10
309.0886
20
225.7620
11
309.2900
21
226.0202
0
LINE
8
GORUNEN
6
CONTINUOUS
10
309.2900
20
226.0202
11
309.4751
21
226.2960
0
LINE
8
GORUNEN
6
CONTINUOUS
10
309.4751
20
226.2960
11
309.6411
21
226.5854
0
LINE
8
GORUNEN
6
CONTINUOUS
10
309.6411
20
226.5854
11
309.7855
21
226.8841
0
LINE
8
GORUNEN
6
CONTINUOUS
10
309.7855
20
226.8841
11
309.9063
21
227.1879
0
LINE
8
GORUNEN
6
CONTINUOUS
10
309.9063
20
227.1879
11
310.0017
21
227.4921
0
LINE
8
GORUNEN
6
CONTINUOUS
10
310.0017
20
227.4921
11
310.0702
21
227.7923
0
LINE
8
GORUNEN
6
CONTINUOUS
10
310.0702
20
227.7923
11
310.1099
21
228.0738
0
LINE
8
GORUNEN
6
CONTINUOUS
10
310.1099
20
228.0738
11
310.1232
21
228.3437
0
LINE
8
GORUNEN
6
CONTINUOUS
10
296.7660
20
176.4268
11
296.5998
21
176.5341
0
LINE
8
GORUNEN
6
CONTINUOUS
10
296.5998
20
176.5341
11
296.4358
21
176.6625
0
LINE
8
GORUNEN
6
CONTINUOUS
10
296.4358
20
176.6625
11
296.2765
21
176.8103
0
LINE
8
GORUNEN
6
CONTINUOUS
10
296.2765
20
176.8103
11
296.1239
21
176.9755
0
LINE
8
GORUNEN
6
CONTINUOUS
10
296.1239
20
176.9755
11
295.9803
21
177.1556
0
LINE
8
GORUNEN
6
CONTINUOUS
10
295.9803
20
177.1556
11
295.8475
21
177.3483
0
LINE
8
GORUNEN
6
CONTINUOUS
10
295.8475
20
177.3483
11
295.7275
21
177.5509
0
LINE
8
GORUNEN
6
CONTINUOUS
10
295.7275
20
177.5509
11
295.6219
21
177.7605
0
LINE
8
GORUNEN
6
CONTINUOUS
10
295.6219
20
177.7605
11
295.5321
21
177.9743
0
LINE
8
GORUNEN
6
CONTINUOUS
10
295.5321
20
177.9743
11
295.4594
21
178.1892
0
LINE
8
GORUNEN
6
CONTINUOUS
10
295.4594
20
178.1892
11
295.4049
21
178.4024
0
LINE
8
GORUNEN
6
CONTINUOUS
10
295.4049
20
178.4024
11
295.3692
21
178.6108
0
LINE
8
GORUNEN
6
CONTINUOUS
10
295.3692
20
178.6108
11
295.3561
21
178.7456
0
LINE
8
GORUNEN
6
CONTINUOUS
10
295.3561
20
178.7456
11
295.3518
21
178.8763
0
LINE
8
GORUNEN
6
CONTINUOUS
10
330.7071
20
163.3628
11
301.0086
21
199.2887
0
LINE
8
GORUNEN
6
CONTINUOUS
10
325.0503
20
160.0969
11
295.3518
21
196.0227
0
LINE
8
INCE
6
CONTINUOUS
10
390.1041
20
143.7669
11
347.6777
21
119.2720
0
LINE
8
INCE
6
CONTINUOUS
10
390.1041
20
148.6659
11
347.6777
21
124.1710
0
LINE
8
INCE
6
CONTINUOUS
10
313.7365
20
251.5445
11
271.3101
21
227.0496
0
LINE
8
INCE
6
CONTINUOUS
10
388.6899
20
151.1154
11
346.2635
21
126.6205
0
LINE
8
INCE
6
CONTINUOUS
10
317.9792
20
249.0950
11
275.5528
21
224.6001
0
LINE
8
INCE
6
CONTINUOUS
10
320.8076
20
190.3072
11
312.4311
21
185.4711
0
LINE
8
INCE
6
CONTINUOUS
10
296.7660
20
176.4268
11
278.3812
21
165.8123
0
LINE
8
INCE
6
CONTINUOUS
10
319.3934
20
246.6455
11
276.9670
21
222.1506
0
LINE
8
INCE
6
CONTINUOUS
10
319.3934
20
192.7567
11
310.6035
21
187.6819
0
LINE
8
INCE
6
CONTINUOUS
10
295.3518
20
178.8763
11
276.9670
21
168.2618
0
LINE
8
GORUNEN
6
CONTINUOUS
10
389.6899
20
142.8514
11
347.2635
21
118.3565
0
LINE
8
GORUNEN
6
CONTINUOUS
10
312.7365
20
251.6435
11
270.3101
21
227.1486
0
LINE
8
OLCU
6
CONTINUOUS
10
130.0000
20
194.0000
11
130.0000
21
140.5000
0
LINE
8
OLCU
6
CONTINUOUS
10
240.0000
20
159.0000
11
240.0000
21
140.5000
0
LINE
8
OLCU
6
CONTINUOUS
10
130.0000
20
142.5000
11
240.0000
21
142.5000
0
LINE
8
OLCU
6
CONTINUOUS
10
184.0000
20
155.0000
11
115.5000
21
155.0000
0
LINE
8
OLCU
6
CONTINUOUS
10
134.0000
20
235.0000
11
115.5000
21
235.0000
0
LINE
8
OLCU
6
CONTINUOUS
10
117.5000
20
155.0000
11
117.5000
21
235.0000
0
LINE
8
OLCU
6
CONTINUOUS
10
186.0000
20
155.0000
11
254.5000
21
155.0000
0
LINE
8
OLCU
6
CONTINUOUS
10
191.0000
20
165.0000
11
254.5000
21
165.0000
0
LINE
8
OLCU
6
CONTINUOUS
10
252.5000
20
155.0000
11
252.5000
21
165.0000
0
LINE
8
OLCU
6
CONTINUOUS
10
130.0000
20
196.0000
11
130.0000
21
249.5000
0
LINE
8
OLCU
6
CONTINUOUS
10
140.0000
20
201.0000
11
140.0000
21
249.5000
0
LINE
8
OLCU
6
CONTINUOUS
10
130.0000
20
247.5000
11
140.0000
21
247.5000
0
LINE
8
OLCU
6
CONTINUOUS
10
77.7782
20
210.7782
11
84.8492
21
217.8492
0
LINE
8
OLCU
6
CONTINUOUS
10
84.8492
20
217.8492
11
101.2492
21
217.8492
0
LINE
8
OLCU
6
CONTINUOUS
10
183.1820
20
68.1820
11
190.2530
21
75.2530
0
LINE
8
OLCU
6
CONTINUOUS
10
190.2530
20
75.2530
11
197.0530
21
75.2530
0
LINE
8
OLCU
6
CONTINUOUS
10
180.0000
20
64.0000
11
180.0000
21
43.0000
0
LINE
8
OLCU
6
CONTINUOUS
10
222.0000
20
64.0000
11
222.0000
21
43.0000
0
LINE
8
OLCU
6
CONTINUOUS
10
180.0000
20
45.0000
11
222.0000
21
45.0000
0
LINE
8
OLCU
6
CONTINUOUS
10
179.0000
20
65.0000
11
115.5000
21
65.0000
0
LINE
8
OLCU
6
CONTINUOUS
10
179.0000
20
105.0000
11
115.5000
21
105.0000
0
LINE
8
OLCU
6
CONTINUOUS
10
117.5000
20
65.0000
11
117.5000
21
105.0000
0
LINE
8
OLCU
6
CONTINUOUS
10
130.0000
20
142.5000
11
133.0000
21
141.9000
0
LINE
8
OLCU
6
CONTINUOUS
10
133.0000
20
141.9000
11
133.0000
21
143.1000
0
LINE
8
OLCU
6
CONTINUOUS
10
133.0000
20
143.1000
11
130.0000
21
142.5000
0
LINE
8
OLCU
6
CONTINUOUS
10
240.0000
20
142.5000
11
237.0000
21
143.1000
0
LINE
8
OLCU
6
CONTINUOUS
10
237.0000
20
143.1000
11
237.0000
21
141.9000
0
LINE
8
OLCU
6
CONTINUOUS
10
237.0000
20
141.9000
11
240.0000
21
142.5000
0
LINE
8
OLCU
6
CONTINUOUS
10
117.5000
20
155.0000
11
118.1000
21
158.0000
0
LINE
8
OLCU
6
CONTINUOUS
10
118.1000
20
158.0000
11
116.9000
21
158.0000
0
LINE
8
OLCU
6
CONTINUOUS
10
116.9000
20
158.0000
11
117.5000
21
155.0000
0
LINE
8
OLCU
6
CONTINUOUS
10
117.5000
20
235.0000
11
116.9000
21
232.0000
0
LINE
8
OLCU
6
CONTINUOUS
10
116.9000
20
232.0000
11
118.1000
21
232.0000
0
LINE
8
OLCU
6
CONTINUOUS
10
118.1000
20
232.0000
11
117.5000
21
235.0000
0
LINE
8
OLCU
6
CONTINUOUS
10
252.5000
20
155.0000
11
253.1000
21
158.0000
0
LINE
8
OLCU
6
CONTINUOUS
10
253.1000
20
158.0000
11
251.9000
21
158.0000
0
LINE
8
OLCU
6
CONTINUOUS
10
251.9000
20
158.0000
11
252.5000
21
155.0000
0
LINE
8
OLCU
6
CONTINUOUS
10
252.5000
20
165.0000
11
251.9000
21
162.0000
0
LINE
8
OLCU
6
CONTINUOUS
10
251.9000
20
162.0000
11
253.1000
21
162.0000
0
LINE
8
OLCU
6
CONTINUOUS
10
253.1000
20
162.0000
11
252.5000
21
165.0000
0
LINE
8
OLCU
6
CONTINUOUS
10
130.0000
20
247.5000
11
133.0000
21
246.9000
0
LINE
8
OLCU
6
CONTINUOUS
10
133.0000
20
246.9000
11
133.0000
21
248.1000
0
LINE
8
OLCU
6
CONTINUOUS
10
133.0000
20
248.1000
11
130.0000
21
247.5000
0
LINE
8
OLCU
6
CONTINUOUS
10
140.0000
20
247.5000
11
137.0000
21
248.1000
0
LINE
8
OLCU
6
CONTINUOUS
10
137.0000
20
248.1000
11
137.0000
21
246.9000
0
LINE
8
OLCU
6
CONTINUOUS
10
137.0000
20
246.9000
11
140.0000
21
247.5000
0
LINE
8
OLCU
6
CONTINUOUS
10
77.7782
20
210.7782
11
80.3238
21
212.4752
0
LINE
8
OLCU
6
CONTINUOUS
10
80.3238
20
212.4752
11
79.4752
21
213.3238
0
LINE
8
OLCU
6
CONTINUOUS
10
79.4752
20
213.3238
11
77.7782
21
210.7782
0
LINE
8
OLCU
6
CONTINUOUS
10
183.1820
20
68.1820
11
185.7276
21
69.8790
0
LINE
8
OLCU
6
CONTINUOUS
10
185.7276
20
69.8790
11
184.8790
21
70.7276
0
LINE
8
OLCU
6
CONTINUOUS
10
184.8790
20
70.7276
11
183.1820
21
68.1820
0
LINE
8
OLCU
6
CONTINUOUS
10
180.0000
20
45.0000
11
183.0000
21
44.4000
0
LINE
8
OLCU
6
CONTINUOUS
10
183.0000
20
44.4000
11
183.0000
21
45.6000
0
LINE
8
OLCU
6
CONTINUOUS
10
183.0000
20
45.6000
11
180.0000
21
45.0000
0
LINE
8
OLCU
6
CONTINUOUS
10
222.0000
20
45.0000
11
219.0000
21
45.6000
0
LINE
8
OLCU
6
CONTINUOUS
10
219.0000
20
45.6000
11
219.0000
21
44.4000
0
LINE
8
OLCU
6
CONTINUOUS
10
219.0000
20
44.4000
11
222.0000
21
45.0000
0
LINE
8
OLCU
6
CONTINUOUS
10
117.5000
20
65.0000
11
118.1000
21
68.0000
0
LINE
8
OLCU
6
CONTINUOUS
10
118.1000
20
68.0000
11
116.9000
21
68.0000
0
LINE
8
OLCU
6
CONTINUOUS
10
116.9000
20
68.0000
11
117.5000
21
65.0000
0
LINE
8
OLCU
6
CONTINUOUS
10
117.5000
20
105.0000
11
116.9000
21
102.0000
0
LINE
8
OLCU
6
CONTINUOUS
10
116.9000
20
102.0000
11
118.1000
21
102.0000
0
LINE
8
OLCU
6
CONTINUOUS
10
118.1000
20
102.0000
11
117.5000
21
105.0000
0
TEXT
8
YAZI
10
231.5000
20
46.2000
11
231.5000
21
46.2000
40
2.000
1
ADI
50
0.000
72
0
0
TEXT
8
YAZI
10
232.0000
20
41.8000
11
232.0000
21
41.8000
40
4.000
1
Motor braketi
50
0.000
72
0
0
TEXT
8
YAZI
10
231.5000
20
36.2000
11
231.5000
21
36.2000
40
2.000
1
MALZEME
50
0.000
72
0
0
TEXT
8
YAZI
10
232.0000
20
31.8000
11
232.0000
21
31.8000
40
3.000
1
S235JR
50
0.000
72
0
0
TEXT
8
YAZI
10
331.5000
20
36.2000
11
331.5000
21
36.2000
40
2.000
1
ÖLÇEK
50
0.000
72
0
0
TEXT
8
YAZI
10
332.0000
20
31.8000
11
332.0000
21
31.8000
40
3.000
1
1:1
50
0.000
72
0
0
TEXT
8
YAZI
10
371.5000
20
36.2000
11
371.5000
21
36.2000
40
2.000
1
PAFTA
50
0.000
72
0
0
TEXT
8
YAZI
10
372.0000
20
31.8000
11
372.0000
21
31.8000
40
3.000
1
A3 · S1
50
0.000
72
0
0
TEXT
8
YAZI
10
231.5000
20
26.2000
11
231.5000
21
26.2000
40
2.000
1
ÇİZEN / TARİH
50
0.000
72
0
0
TEXT
8
YAZI
10
232.0000
20
21.8000
11
232.0000
21
21.8000
40
3.000
1
threeD  
50
0.000
72
0
0
TEXT
8
YAZI
10
331.5000
20
26.2000
11
331.5000
21
26.2000
40
2.000
1
PROJEKSİYON
50
0.000
72
0
0
TEXT
8
YAZI
10
332.0000
20
21.8000
11
332.0000
21
21.8000
40
2.500
1
ISO E (1. açı)
50
0.000
72
0
0
TEXT
8
YAZI
10
371.5000
20
26.2000
11
371.5000
21
26.2000
40
2.000
1
NO
50
0.000
72
0
0
TEXT
8
YAZI
10
231.5000
20
16.2000
11
231.5000
21
16.2000
40
2.000
1
FİRMA
50
0.000
72
0
0
TEXT
8
YAZI
10
331.5000
20
16.2000
11
331.5000
21
16.2000
40
2.000
1
REVİZYON
50
0.000
72
0
0
TEXT
8
YAZI
10
332.0000
20
11.8000
11
332.0000
21
11.8000
40
3.000
1
7
50
0.000
72
0
0
TEXT
8
YAZI
10
372.0000
20
11.8000
11
372.0000
21
11.8000
40
3.000
1
threeD
50
0.000
72
0
0
TEXT
8
YAZI
10
20.0000
20
20.0000
11
20.0000
21
20.0000
40
3.500
1
Genel toleranslar ISO 2768-m · Keskin kenarları kırın
50
0.000
72
0
0
TEXT
8
YAZI
10
185.0000
20
143.7000
11
185.0000
21
143.7000
40
3.500
1
110
50
0.000
72
1
0
TEXT
8
YAZI
10
116.3000
20
195.0000
11
116.3000
21
195.0000
40
3.500
1
80
50
90.000
72
1
0
TEXT
8
YAZI
10
251.3000
20
160.0000
11
251.3000
21
160.0000
40
3.500
1
10
50
90.000
72
1
0
TEXT
8
YAZI
10
135.0000
20
248.7000
11
135.0000
21
248.7000
40
3.500
1
10
50
0.000
72
1
0
TEXT
8
YAZI
10
85.8492
20
218.8492
11
85.8492
21
218.8492
40
3.500
1
Ø22 H7
50
0.000
72
0
0
TEXT
8
YAZI
10
191.2530
20
76.2530
11
191.2530
21
76.2530
40
3.500
1
Ø9
50
0.000
72
0
0
TEXT
8
YAZI
10
201.0000
20
46.2000
11
201.0000
21
46.2000
40
3.500
1
42
50
0.000
72
1
0
TEXT
8
YAZI
10
116.3000
20
85.0000
11
116.3000
21
85.0000
40
3.500
1
40
50
90.000
72
1
0
ENDSEC
0
EOF
